run_id,timestamp,track,strategy,model,feature_count,n_cores,cores_effective,n_rows,background_size,repeat_idx,elapsed_seconds,energy_kwh,energy_joules,emissions_kg,success,error,output_shape,additivity_ok,max_additivity_error,cc_cpu_energy_kwh,cc_ram_energy_kwh,cc_gpu_energy_kwh,cc_cpu_power_w,cc_ram_power_w,cc_gpu_power_w,cc_cpu_utilization_pct,cc_tracking_mode,cc_cpu_model,cc_error,ray_leftover_pids,pin_blas_threads,blas_threads_per_worker,machine_id,cpu_count,seed,shap_version,codecarbon_version
eada0e94-a988-479d-b0a5-9b82ae2bcf91,2026-09-24T18:31:44.577639+00:00,kernelshap,serial,SVM-RBF,15,1,1,100,25,0,74.1448579999851,0.00036039002166627824,1297.4040779986017,,True,,"(100, 15, 2)",True,3.3306690738754696e-16,,,,,,,,,,,0,True,1,Titiksha,8,42,0.52.0,3.3.1
e6f5b66d-1ab6-44e7-a335-3825efaa79a5,2026-09-24T18:34:54.082662+00:00,kernelshap,multiprocessing,SVM-RBF,15,1,1,100,25,0,54.8538230000413,0.000344769050555397,1241.168581999429,,True,,"(100, 15, 2)",True,3.3306690738754696e-16,,,,,,,,,,,0,True,1,Titiksha,8,42,0.52.0,3.3.1
549f8fe3-2d44-40e8-8f9d-a958c0b65bbe,2026-09-24T18:37:37.259285+00:00,kernelshap,multiprocessing,SVM-RBF,15,2,2,100,25,0,47.11830870003905,0.00025560020916643876,920.1607529991795,,True,,"(100, 15, 2)",True,3.469446951953614e-16,,,,,,,,,,,0,True,1,Titiksha,8,42,0.52.0,3.3.1
b75f1be2-afe7-408d-87ee-9eeeb00bc4b7,2026-09-24T18:38:27.745276+00:00,kernelshap,multiprocessing,SVM-RBF,15,4,4,100,25,0,24.8550323000527,0.00019909149361109295,716.7293769999346,,True,,"(100, 15, 2)",True,3.3306690738754696e-16,,,,,,,,,,,0,True,1,Titiksha,8,42,0.52.0,3.3.1
e3e165ce-cc1b-487d-a2fa-81b63948beb7,2026-09-24T18:38:52.688085+00:00,kernelshap,multiprocessing,SVM-RBF,15,8,8,100,25,0,19.560216500016395,0.0001837513936108464,661.505016999047,,True,,"(100, 15, 2)",True,3.3306690738754696e-16,,,,,,,,,,,0,True,1,Titiksha,8,42,0.52.0,3.3.1
90d6f708-ff5f-44a0-9858-e1c95c54c49f,2026-09-24T18:39:12.320591+00:00,kernelshap,threading,SVM-RBF,15,1,1,100,25,0,64.23354470002232,0.00029025118472180355,1044.9042649984929,,True,,"(100, 15, 2)",True,3.3306690738754696e-16,,,,,,,,,,,0,True,1,Titiksha,8,42,0.52.0,3.3.1
069db2ea-b76a-446b-b1ca-df1a0a17adfe,2026-09-24T18:40:16.660101+00:00,kernelshap,threading,SVM-RBF,15,2,2,100,25,0,39.027385999972466,0.0002406007644446921,866.1627520008916,,True,,"(100, 15, 2)",True,3.3306690738754696e-16,,,,,,,,,,,0,True,1,Titiksha,8,42,0.52.0,3.3.1
89566868-f785-4657-b08d-5c3c8ffd41a2,2026-09-24T18:40:55.784667+00:00,kernelshap,threading,SVM-RBF,15,4,4,100,25,0,23.005820199963637,0.00017087776861170667,615.159967002144,,True,,"(100, 15, 2)",True,3.3306690738754696e-16,,,,,,,,,,,0,True,1,Titiksha,8,42,0.52.0,3.3.1
1985ec10-b0c5-4931-a8c9-fb6b52018828,2026-09-24T18:41:18.899940+00:00,kernelshap,threading,SVM-RBF,15,8,8,100,25,0,18.177766800043173,0.00017299087333321806,622.7671439995851,,True,,"(100, 15, 2)",True,3.3306690738754696e-16,,,,,,,,,,,0,True,1,Titiksha,8,42,0.52.0,3.3.1
bc9933f6-da49-4f6a-ac19-3bc407b36a80,2026-09-24T18:41:37.210490+00:00,kernelshap,joblib,SVM-RBF,15,1,1,100,25,0,53.40272100002039,0.0002828182452780444,1018.1456830009598,,True,,"(100, 15, 2)",True,3.3306690738754696e-16,,,,,,,,,,,0,True,1,Titiksha,8,42,0.52.0,3.3.1
0dd73856-325f-416a-946c-babbd22cf093,2026-09-24T18:42:30.731636+00:00,kernelshap,joblib,SVM-RBF,15,2,2,100,25,0,43.013862500025425,0.00020944269000046888,753.9936840016879,,True,,"(100, 15, 2)",True,3.3306690738754696e-16,,,,,,,,,,,0,True,1,Titiksha,8,42,0.52.0,3.3.1
7a5d6c28-5fdd-4f41-8a05-8ead84532e71,2026-09-24T18:43:13.881295+00:00,kernelshap,joblib,SVM-RBF,15,4,4,100,25,0,24.410965299990494,0.0001989351300002505,716.1664680009018,,True,,"(100, 15, 2)",True,3.3306690738754696e-16,,,,,,,,,,,0,True,1,Titiksha,8,42,0.52.0,3.3.1
92a8d530-60ed-4434-9ce5-61f20f621cae,2026-09-24T18:43:38.434793+00:00,kernelshap,joblib,SVM-RBF,15,8,8,100,25,0,18.459276199981105,0.00018262296583350683,657.4426770006246,,True,,"(100, 15, 2)",True,3.3306690738754696e-16,,,,,,,,,,,0,True,1,Titiksha,8,42,0.52.0,3.3.1
e61d5c69-6cee-4155-af4d-fed7952b4700,2026-09-24T18:43:57.045974+00:00,kernelshap,ray,SVM-RBF,15,1,1,100,25,0,80.21591020002961,0.00036716772527802845,1321.8038110009024,,True,,"(100, 15, 2)",True,3.3306690738754696e-16,,,,,,,,,,,0,True,1,Titiksha,8,42,0.52.0,3.3.1
696f0ef7-36e4-4abe-beb2-abf8a5f1640a,2026-09-24T18:45:17.427590+00:00,kernelshap,ray,SVM-RBF,15,2,2,100,25,0,43.80674159998307,0.00023399832305518462,842.3939629986646,,True,,"(100, 15, 2)",True,3.3306690738754696e-16,,,,,,,,,,,0,True,1,Titiksha,8,42,0.52.0,3.3.1
b3f69635-5de4-4479-8541-b5e0364aa9f6,2026-09-24T18:46:01.392901+00:00,kernelshap,ray,SVM-RBF,15,4,4,100,25,0,26.402637199964374,0.00021486185194380218,773.5026669976878,,True,,"(100, 15, 2)",True,3.3306690738754696e-16,,,,,,,,,,,0,True,1,Titiksha,8,42,0.52.0,3.3.1
ce3db496-ca04-4302-8122-80ab150bd2e7,2026-09-24T18:46:27.943874+00:00,kernelshap,ray,SVM-RBF,15,8,8,100,25,0,21.36879850004334,0.00021228729888901187,764.2342760004427,,True,,"(100, 15, 2)",True,3.3306690738754696e-16,,,,,,,,,,,0,True,1,Titiksha,8,42,0.52.0,3.3.1
c5d9a9fa-7c52-4799-8f56-d9fb95af71bd,2026-09-24T18:46:49.621574+00:00,kernelshap,serial,SVM-RBF,30,1,1,100,25,0,86.91588079999201,0.00035139664555566006,1265.0279240003763,,True,,"(100, 30, 2)",True,3.7470027081099033e-16,,,,,,,,,,,0,True,1,Titiksha,8,42,0.52.0,3.3.1
6da087a8-2645-4dd3-a4ee-bf2f92109bf2,2026-09-24T18:48:17.556742+00:00,kernelshap,multiprocessing,SVM-RBF,30,1,1,100,25,0,86.88414009998087,0.00036512334916651576,1314.4440569994567,,True,,"(100, 30, 2)",True,3.7470027081099033e-16,,,,,,,,,,,0,True,1,Titiksha,8,42,0.52.0,3.3.1
8e98a063-3151-4f46-9876-710c046b0551,2026-09-24T18:49:44.562639+00:00,kernelshap,multiprocessing,SVM-RBF,30,2,2,100,25,0,54.26951419998659,0.00025616233777846394,922.1844160024701,,True,,"(100, 30, 2)",True,3.7448343037649323e-16,,,,,,,,,,,0,True,1,Titiksha,8,42,0.52.0,3.3.1
540016c8-e7b9-427a-8f56-9d579005c334,2026-09-24T18:50:38.960397+00:00,kernelshap,multiprocessing,SVM-RBF,30,4,4,100,25,0,28.854400499956682,0.0002369805330564318,853.1299190031546,,True,,"(100, 30, 2)",True,3.8764293424503604e-16,,,,,,,,,,,0,True,1,Titiksha,8,42,0.52.0,3.3.1
e8331134-8093-485f-8e6d-683b2bab6059,2026-09-24T18:51:07.936985+00:00,kernelshap,multiprocessing,SVM-RBF,30,8,8,100,25,0,21.122844700003043,0.0002134798219446555,768.5273590007598,,True,,"(100, 30, 2)",True,3.8764293424503604e-16,,,,,,,,,,,0,True,1,Titiksha,8,42,0.52.0,3.3.1
f1cbdbed-0824-4972-b966-ccfe4607ab1d,2026-09-24T18:51:29.186343+00:00,kernelshap,threading,SVM-RBF,30,1,1,100,25,0,86.91359529999318,0.00034414221583276954,1238.9119769979704,,True,,"(100, 30, 2)",True,3.8055496254241206e-16,,,,,,,,,,,0,True,1,Titiksha,8,42,0.52.0,3.3.1
3e250cb0-f72b-442f-98ed-aedc0dfae83b,2026-09-24T18:52:56.234126+00:00,kernelshap,threading,SVM-RBF,30,2,2,100,25,0,50.27245520002907,0.00023039141666589356,829.4090999972168,,True,,"(100, 30, 2)",True,4.440892098500626e-16,,,,,,,,,,,0,True,1,Titiksha,8,42,0.52.0,3.3.1
a29d6161-eb64-4558-80fe-9febcf8fdbf8,2026-09-24T18:53:46.621794+00:00,kernelshap,threading,SVM-RBF,30,4,4,100,25,0,26.489400000020396,0.00019594853777745583,705.414735998841,,True,,"(100, 30, 2)",True,4.613551294468943e-16,,,,,,,,,,,0,True,1,Titiksha,8,42,0.52.0,3.3.1
e4930a1c-5b60-44b7-accf-edb97e35a9fa,2026-09-24T18:54:13.239725+00:00,kernelshap,threading,SVM-RBF,30,8,8,100,25,0,22.09925279999152,0.00019276901444527025,693.9684520029729,,True,,"(100, 30, 2)",True,3.7448343037649323e-16,,,,,,,,,,,0,True,1,Titiksha,8,42,0.52.0,3.3.1
85119798-1029-4d82-a781-90d7b9b757ff,2026-09-24T18:54:35.446768+00:00,kernelshap,joblib,SVM-RBF,30,1,1,100,25,0,74.09843110002112,0.00029928692583320975,1077.432932999555,,True,,"(100, 30, 2)",True,3.677613769070831e-16,,,,,,,,,,,0,True,1,Titiksha,8,42,0.52.0,3.3.1
dc9e7bd8-05fe-409c-912e-d215f1cb26fc,2026-09-24T18:55:49.670459+00:00,kernelshap,joblib,SVM-RBF,30,2,2,100,25,0,52.232690699980594,0.00025341124388899,912.2804780003639,,True,,"(100, 30, 2)",True,3.7383290907300193e-16,,,,,,,,,,,0,True,1,Titiksha,8,42,0.52.0,3.3.1
b0cbc686-bfb6-46be-a32c-9beca1cf79c0,2026-09-24T18:56:42.051668+00:00,kernelshap,joblib,SVM-RBF,30,4,4,100,25,0,29.45346689998405,0.0002411416266665514,868.109855999585,,True,,"(100, 30, 2)",True,4.4102633871279107e-16,,,,,,,,,,,0,True,1,Titiksha,8,42,0.52.0,3.3.1
d565bc13-190b-4f34-9077-a78df5764734,2026-09-24T18:57:11.632940+00:00,kernelshap,joblib,SVM-RBF,30,8,8,100,25,0,20.967905499972403,0.00021096331027778504,759.4679170000261,,True,,"(100, 30, 2)",True,3.634245682171411e-16,,,,,,,,,,,0,True,1,Titiksha,8,42,0.52.0,3.3.1
7da43479-6e14-4f4f-adcb-8b8ea0d11467,2026-09-24T18:57:32.722235+00:00,kernelshap,ray,SVM-RBF,30,1,1,100,25,0,75.25516989995958,0.00031719385888921876,1141.8978920011875,,True,,"(100, 30, 2)",True,4.235977887900866e-16,,,,,,,,,,,0,True,1,Titiksha,8,42,0.52.0,3.3.1
30d004cf-622d-4522-a930-5fff6356356c,2026-09-24T18:58:48.148171+00:00,kernelshap,ray,SVM-RBF,30,2,2,100,25,0,41.93610400002217,0.0002653507869446424,955.2628330007126,,True,,"(100, 30, 2)",True,3.7448343037649323e-16,,,,,,,,,,,0,True,1,Titiksha,8,42,0.52.0,3.3.1
3d702849-8ee1-41cd-b5ed-558e4283a1e3,2026-09-24T18:59:30.240432+00:00,kernelshap,ray,SVM-RBF,30,4,4,100,25,0,27.508695300028194,0.0002331201330556757,839.2324790004326,,True,,"(100, 30, 2)",True,3.503328269843786e-16,,,,,,,,,,,0,True,1,Titiksha,8,42,0.52.0,3.3.1
89c3b3ae-0596-4bb3-addb-49bbf46bf565,2026-09-24T18:59:57.911401+00:00,kernelshap,ray,SVM-RBF,30,8,8,100,25,0,20.819253299967386,0.00020786792000001934,748.3245120000696,,True,,"(100, 30, 2)",True,3.8055496254241206e-16,,,,,,,,,,,0,True,1,Titiksha,8,42,0.52.0,3.3.1
903d1cd6-8a99-4e0a-8f65-dc573afe72d2,2026-09-24T19:00:18.889917+00:00,kernelshap,serial,LogisticRegression,15,1,1,100,25,0,6.3327923999750055,2.5769745555541054e-05,92.77108399994779,,True,,"(100, 15, 2)",True,2.3592239273284576e-16,,,,,,,,,,,0,True,1,Titiksha,8,42,0.52.0,3.3.1
f005cdf1-820c-48f4-9b57-b9215860c892,2026-09-24T19:00:25.359628+00:00,kernelshap,multiprocessing,LogisticRegression,15,1,1,100,25,0,8.099229499988724,4.2355224166838734e-05,152.47880700061944,,True,,"(100, 15, 2)",True,3.4508122271140196e-16,,,,,,,,,,,0,True,1,Titiksha,8,42,0.52.0,3.3.1
d21b6ec4-7767-409d-aa3e-1599d38e9c60,2026-09-24T19:00:33.601346+00:00,kernelshap,multiprocessing,LogisticRegression,15,2,2,100,25,0,5.7527451000059955,4.0218651666569516e-05,144.78714599965025,,True,,"(100, 15, 2)",True,2.7755575615628914e-16,,,,,,,,,,,0,True,1,Titiksha,8,42,0.52.0,3.3.1
36bf3d13-bd2b-41ba-9531-6bd20ae1f151,2026-09-24T19:00:39.469462+00:00,kernelshap,multiprocessing,LogisticRegression,15,4,4,100,25,0,5.230239500000607,4.682607916615955e-05,168.57388499817438,,True,,"(100, 15, 2)",True,3.2924509472953556e-16,,,,,,,,,,,0,True,1,Titiksha,8,42,0.52.0,3.3.1
700e2e76-8482-4e9f-bd4d-23a46411705a,2026-09-24T19:00:44.809425+00:00,kernelshap,multiprocessing,LogisticRegression,15,8,8,100,25,0,6.418461299967021,6.431506333277534e-05,231.53422799799122,,True,,"(100, 15, 2)",True,2.7755575615628914e-16,,,,,,,,,,,0,True,1,Titiksha,8,42,0.52.0,3.3.1
587268ac-e434-40f8-a974-d18e361f6335,2026-09-24T19:00:51.335041+00:00,kernelshap,threading,LogisticRegression,15,1,1,100,25,0,6.377760600007605,2.634048499999299e-05,94.82574599997476,,True,,"(100, 15, 2)",True,2.7755575615628914e-16,,,,,,,,,,,0,True,1,Titiksha,8,42,0.52.0,3.3.1
1b471b69-e81a-4516-8562-453e5f3907f1,2026-09-24T19:00:57.829315+00:00,kernelshap,threading,LogisticRegression,15,2,2,100,25,0,16.390697699971497,6.289857527766451e-05,226.43487099959225,,True,,"(100, 15, 2)",True,2.7755575615628914e-16,,,,,,,,,,,0,True,1,Titiksha,8,42,0.52.0,3.3.1
c09a0613-26c3-4b00-8ae5-2c3ba661ddf5,2026-09-24T19:01:14.356284+00:00,kernelshap,threading,LogisticRegression,15,4,4,100,25,0,10.834826399979647,7.195766000039905e-05,259.0475760014366,,True,,"(100, 15, 2)",True,3.3306690738754696e-16,,,,,,,,,,,0,True,1,Titiksha,8,42,0.52.0,3.3.1
e402cfd4-1151-4c80-8584-f37736c18cbb,2026-09-24T19:01:25.307520+00:00,kernelshap,threading,LogisticRegression,15,8,8,100,25,0,11.231746099947486,7.75735883337403e-05,279.26491800146505,,True,,"(100, 15, 2)",True,3.8297430039800715e-16,,,,,,,,,,,0,True,1,Titiksha,8,42,0.52.0,3.3.1
152f08df-101a-4560-a96d-633de80cac51,2026-09-24T19:01:36.689706+00:00,kernelshap,joblib,LogisticRegression,15,1,1,100,25,0,6.022432700032368,2.4143087222219806e-05,86.9151139999913,,True,,"(100, 15, 2)",True,2.7755575615628914e-16,,,,,,,,,,,0,True,1,Titiksha,8,42,0.52.0,3.3.1
3b523e21-53c7-4537-bbf2-c14087027b30,2026-09-24T19:01:42.821775+00:00,kernelshap,joblib,LogisticRegression,15,2,2,100,25,0,5.622837400005665,4.272623888873159e-05,153.81445999943372,,True,,"(100, 15, 2)",True,2.4501613845456793e-16,,,,,,,,,,,0,True,1,Titiksha,8,42,0.52.0,3.3.1
b0e528ce-9ba7-4710-b423-03f2dffc3e98,2026-09-24T19:01:48.575362+00:00,kernelshap,joblib,LogisticRegression,15,4,4,100,25,0,4.872722000000067,4.591622138866609e-05,165.29839699919793,,True,,"(100, 15, 2)",True,2.7755575615628914e-16,,,,,,,,,,,0,True,1,Titiksha,8,42,0.52.0,3.3.1
54bc88bc-8dfc-4bd0-a7f3-d2dceeab3323,2026-09-24T19:01:53.583803+00:00,kernelshap,joblib,LogisticRegression,15,8,8,100,25,0,6.02004949998809,6.017027611181745e-05,216.61299400254282,,True,,"(100, 15, 2)",True,2.2589691076914387e-16,,,,,,,,,,,0,True,1,Titiksha,8,42,0.52.0,3.3.1
d61b5850-8397-4577-a898-eecc32375c53,2026-09-24T19:01:59.710761+00:00,kernelshap,ray,LogisticRegression,15,1,1,100,25,0,10.509267600020394,6.318969111137815e-05,227.48288800096134,,True,,"(100, 15, 2)",True,2.7755575615628914e-16,,,,,,,,,,,0,True,1,Titiksha,8,42,0.52.0,3.3.1
aa7e78b4-563d-4332-bdeb-530041b26166,2026-09-24T19:02:10.387926+00:00,kernelshap,ray,LogisticRegression,15,2,2,100,25,0,7.97919440001715,6.160850416630712e-05,221.79061499870562,,True,,"(100, 15, 2)",True,2.7755575615628914e-16,,,,,,,,,,,0,True,1,Titiksha,8,42,0.52.0,3.3.1
48ad4bc5-e073-4f95-b9cb-eed7828b5147,2026-09-24T19:02:18.549816+00:00,kernelshap,ray,LogisticRegression,15,4,4,100,25,0,8.090519099961966,7.045818111041727e-05,253.64945199750215,,True,,"(100, 15, 2)",True,3.6683980506047043e-16,,,,,,,,,,,0,True,1,Titiksha,8,42,0.52.0,3.3.1
06372048-9fe3-4f8c-a3ef-dce6a9d11860,2026-09-24T19:02:26.799327+00:00,kernelshap,ray,LogisticRegression,15,8,8,100,25,0,8.82001120003406,8.759187944483263e-05,315.3307660013975,,True,,"(100, 15, 2)",True,3.3306690738754696e-16,,,,,,,,,,,0,True,1,Titiksha,8,42,0.52.0,3.3.1
cecbab64-40f6-41d6-962e-a078dce8a060,2026-09-24T19:02:35.802668+00:00,kernelshap,serial,LogisticRegression,30,1,1,100,25,0,8.270380500005558,3.4130006944913666e-05,122.86802500168919,,True,,"(100, 30, 2)",True,4.440892098500626e-16,,,,,,,,,,,0,True,1,Titiksha,8,42,0.52.0,3.3.1
dcc3d285-fce5-4a09-9739-5f9c4bbf5670,2026-09-24T19:02:44.209667+00:00,kernelshap,multiprocessing,LogisticRegression,30,1,1,100,25,0,9.670882900012657,4.976834416686726e-05,179.16603900072215,,True,,"(100, 30, 2)",True,4.440892098500626e-16,,,,,,,,,,,0,True,1,Titiksha,8,42,0.52.0,3.3.1
0506cc33-a15a-4581-a81d-b08daa2c7300,2026-09-24T19:02:54.029200+00:00,kernelshap,multiprocessing,LogisticRegression,30,2,2,100,25,0,6.814578299992718,4.706013999931577e-05,169.41650399753678,,True,,"(100, 30, 2)",True,4.440892098500626e-16,,,,,,,,,,,0,True,1,Titiksha,8,42,0.52.0,3.3.1
e8a48c83-8e0e-4b8f-8920-7c4947a42c0a,2026-09-24T19:03:00.937230+00:00,kernelshap,multiprocessing,LogisticRegression,30,4,4,100,25,0,5.621542900044005,5.0706607778307905e-05,182.54378800190847,,True,,"(100, 30, 2)",True,3.834610233966007e-16,,,,,,,,,,,0,True,1,Titiksha,8,42,0.52.0,3.3.1
bd72744a-b15f-49b9-ab46-89dbed642c9f,2026-09-24T19:03:06.685122+00:00,kernelshap,multiprocessing,LogisticRegression,30,8,8,100,25,0,6.565516399976332,6.470500722268076e-05,232.93802600165074,,True,,"(100, 30, 2)",True,3.3306690738754696e-16,,,,,,,,,,,0,True,1,Titiksha,8,42,0.52.0,3.3.1
ad6abea1-7124-4cd5-8f67-8f2bf3574aab,2026-09-24T19:03:13.369300+00:00,kernelshap,threading,LogisticRegression,30,1,1,100,25,0,8.354928400018252,3.8989898889549284e-05,140.36363600237743,,True,,"(100, 30, 2)",True,4.440892098500626e-16,,,,,,,,,,,0,True,1,Titiksha,8,42,0.52.0,3.3.1
797e2d7d-1b24-408d-bb57-507cd4b9c7f3,2026-09-24T19:03:21.842551+00:00,kernelshap,threading,LogisticRegression,30,2,2,100,25,0,18.979847600043286,7.8626976388484e-05,283.0571149985424,,True,,"(100, 30, 2)",True,4.440892098500626e-16,,,,,,,,,,,0,True,1,Titiksha,8,42,0.52.0,3.3.1
ad6edf29-5356-4f06-8b2d-a3217a8e604d,2026-09-24T19:03:40.979226+00:00,kernelshap,threading,LogisticRegression,30,4,4,100,25,0,12.751612799998838,8.364559027774358e-05,301.1241249998769,,True,,"(100, 30, 2)",True,3.3306690738754696e-16,,,,,,,,,,,0,True,1,Titiksha,8,42,0.52.0,3.3.1
d1430445-9f20-4b29-b554-84d4fd6c156f,2026-09-24T19:03:53.842370+00:00,kernelshap,threading,LogisticRegression,30,8,8,100,25,0,13.557907500013243,9.708239416630557e-05,349.49661899870006,,True,,"(100, 30, 2)",True,4.440892098500626e-16,,,,,,,,,,,0,True,1,Titiksha,8,42,0.52.0,3.3.1
8501fcdc-9c29-46f2-93a1-31d96cb87b57,2026-09-24T19:04:07.528180+00:00,kernelshap,joblib,LogisticRegression,30,1,1,100,25,0,9.43686010001693,3.952846000021895e-05,142.30245600078823,,True,,"(100, 30, 2)",True,4.440892098500626e-16,,,,,,,,,,,0,True,1,Titiksha,8,42,0.52.0,3.3.1
0b1115e1-5826-4c1a-b1c5-796bccc791f0,2026-09-24T19:04:17.068679+00:00,kernelshap,joblib,LogisticRegression,30,2,2,100,25,0,7.704013999958988,5.1622334444213075e-05,185.84040399916708,,True,,"(100, 30, 2)",True,4.440892098500626e-16,,,,,,,,,,,0,True,1,Titiksha,8,42,0.52.0,3.3.1
e6338c8d-d11c-48a3-9f3c-759d29b04fa6,2026-09-24T19:04:24.935796+00:00,kernelshap,joblib,LogisticRegression,30,4,4,100,25,0,6.183236800017767,5.128932277787164e-05,184.6415620003379,,True,,"(100, 30, 2)",True,3.690624195140657e-16,,,,,,,,,,,0,True,1,Titiksha,8,42,0.52.0,3.3.1
808e1a3e-0d9e-4b1b-8c66-5cd425be4eb9,2026-09-24T19:04:31.269391+00:00,kernelshap,joblib,LogisticRegression,30,8,8,100,25,0,6.734832199988887,6.832671138918243e-05,245.97616100105677,,True,,"(100, 30, 2)",True,4.440892098500626e-16,,,,,,,,,,,0,True,1,Titiksha,8,42,0.52.0,3.3.1
45ef58ed-fbd8-49c2-b451-4b450e997f09,2026-09-24T19:04:38.148197+00:00,kernelshap,ray,LogisticRegression,30,1,1,100,25,0,12.642863699991722,7.315760944490331e-05,263.3673940016519,,True,,"(100, 30, 2)",True,4.440892098500626e-16,,,,,,,,,,,0,True,1,Titiksha,8,42,0.52.0,3.3.1
67cba2a0-1718-4945-8123-4154bd4ffc1a,2026-09-24T19:04:50.961896+00:00,kernelshap,ray,LogisticRegression,30,2,2,100,25,0,9.392120000033174,6.735277138904608e-05,242.46997700056588,,True,,"(100, 30, 2)",True,4.440892098500626e-16,,,,,,,,,,,0,True,1,Titiksha,8,42,0.52.0,3.3.1
b218a9e5-9151-408e-b6a0-06d4e044e22c,2026-09-24T19:05:00.516310+00:00,kernelshap,ray,LogisticRegression,30,4,4,100,25,0,8.745101599954069,7.650833055552683e-05,275.4299899998966,,True,,"(100, 30, 2)",True,4.440892098500626e-16,,,,,,,,,,,0,True,1,Titiksha,8,42,0.52.0,3.3.1
b51d3f0a-5c83-48c8-bb7c-ae328e103157,2026-09-24T19:05:09.419821+00:00,kernelshap,ray,LogisticRegression,30,8,8,100,25,0,9.360709699976724,9.355510611174823e-05,336.79838200229364,,True,,"(100, 30, 2)",True,4.440892098500626e-16,,,,,,,,,,,0,True,1,Titiksha,8,42,0.52.0,3.3.1
15095069-d348-47d4-be6e-46ebe7234ee8,2026-09-24T19:05:18.937300+00:00,kernelshap,serial,SVM-RBF,15,1,1,100,50,0,136.0193121000193,0.000539809404444121,1943.3138559988356,,True,,"(100, 15, 2)",True,3.883612181843077e-16,,,,,,,,,,,0,True,1,Titiksha,8,42,0.52.0,3.3.1
1ac22118-2f18-42dd-965c-986eae514141,2026-09-24T19:07:35.093954+00:00,kernelshap,multiprocessing,SVM-RBF,15,1,1,100,50,0,129.7768400000059,0.0005226847277775837,1881.6650199993012,,True,,"(100, 15, 2)",True,3.8077180297690916e-16,,,,,,,,,,,0,True,1,Titiksha,8,42,0.52.0,3.3.1
74d5425d-3996-4c6e-87ce-0be331c2f16b,2026-09-24T19:09:45.020191+00:00,kernelshap,multiprocessing,SVM-RBF,15,2,2,100,50,0,83.07949199998984,0.0003917163349997401,1410.1788059990643,,True,,"(100, 15, 2)",True,3.677613769070831e-16,,,,,,,,,,,0,True,1,Titiksha,8,42,0.52.0,3.3.1
1cb0650f-42ef-4534-b86b-af59e3d694d6,2026-09-24T19:11:08.223120+00:00,kernelshap,multiprocessing,SVM-RBF,15,4,4,100,50,0,44.85864320001565,0.00036002017000059255,1296.0726120021332,,True,,"(100, 15, 2)",True,5.204170427930421e-16,,,,,,,,,,,0,True,1,Titiksha,8,42,0.52.0,3.3.1
f200c0b7-7c90-450a-86d0-2f881f812226,2026-09-24T19:11:53.197972+00:00,kernelshap,multiprocessing,SVM-RBF,15,8,8,100,50,0,30.93437350000022,0.0002896408794440097,1042.707165998435,,True,,"(100, 15, 2)",True,3.885780586188048e-16,,,,,,,,,,,0,True,1,Titiksha,8,42,0.52.0,3.3.1
02f14a0f-be90-49fb-b77e-39a5b93d2e86,2026-09-24T19:12:24.265642+00:00,kernelshap,threading,SVM-RBF,15,1,1,100,50,0,126.73401179997018,0.0005022495027778417,1808.09821000023,,True,,"(100, 15, 2)",True,4.601354020028481e-16,,,,,,,,,,,0,True,1,Titiksha,8,42,0.52.0,3.3.1
33406f7a-dd3a-4c82-8ab4-2700d34a93f9,2026-09-24T19:14:31.123547+00:00,kernelshap,threading,SVM-RBF,15,2,2,100,50,0,80.03820319997612,0.00037643756166621037,1355.1752219983573,,True,,"(100, 15, 2)",True,3.8077180297690916e-16,,,,,,,,,,,0,True,1,Titiksha,8,42,0.52.0,3.3.1
1d0184d3-cba7-4040-9f6c-90638ad75c8f,2026-09-24T19:15:51.288007+00:00,kernelshap,threading,SVM-RBF,15,4,4,100,50,0,41.55760880000889,0.0003213992236110342,1157.0372049997231,,True,,"(100, 15, 2)",True,3.885780586188048e-16,,,,,,,,,,,0,True,1,Titiksha,8,42,0.52.0,3.3.1
955951bd-9f22-408f-bb5c-faf2f1f745b7,2026-09-24T19:16:32.994200+00:00,kernelshap,threading,SVM-RBF,15,8,8,100,50,0,33.380312699999195,0.0002959145052778885,1065.2922190003987,,True,,"(100, 15, 2)",True,3.3480163086352377e-16,,,,,,,,,,,0,True,1,Titiksha,8,42,0.52.0,3.3.1
f1930869-a006-4bb2-9951-e4fece8781dc,2026-09-24T19:17:06.517199+00:00,kernelshap,joblib,SVM-RBF,15,1,1,100,50,0,127.0577811000403,0.00058357659611105,2100.87574599978,,True,,"(100, 15, 2)",True,3.8445809036335987e-16,,,,,,,,,,,0,True,1,Titiksha,8,42,0.52.0,3.3.1
80acd50b-255d-4b6b-b074-6e93a68d63e9,2026-09-24T19:19:13.691438+00:00,kernelshap,joblib,SVM-RBF,15,2,2,100,50,0,90.41832610004349,0.0004566858130558068,1644.0689270009045,,True,,"(100, 15, 2)",True,4.0939474033052647e-16,,,,,,,,,,,0,True,1,Titiksha,8,42,0.52.0,3.3.1
6c5764f4-630b-442d-998e-d8f375113bce,2026-09-24T19:20:44.233425+00:00,kernelshap,joblib,SVM-RBF,15,4,4,100,50,0,53.514619300025515,0.00038735916111144394,1394.4929800011982,,True,,"(100, 15, 2)",True,4.475586568020162e-16,,,,,,,,,,,0,True,1,Titiksha,8,42,0.52.0,3.3.1
3fb6dfe9-6db9-4d7d-84a5-8db758e5548e,2026-09-24T19:21:37.873808+00:00,kernelshap,joblib,SVM-RBF,15,8,8,100,50,0,30.245680399995763,0.0003052076563888149,1098.7475629997336,,True,,"(100, 15, 2)",True,4.614364446098307e-16,,,,,,,,,,,0,True,1,Titiksha,8,42,0.52.0,3.3.1
39c43ff9-393b-475a-8215-761682b07153,2026-09-24T19:22:08.282099+00:00,kernelshap,ray,SVM-RBF,15,1,1,100,50,0,144.53121270000702,0.0006810172236111477,2451.662005000132,,True,,"(100, 15, 2)",True,3.883612181843077e-16,,,,,,,,,,,0,True,1,Titiksha,8,42,0.52.0,3.3.1
fcc4bbb8-35cf-4b8e-a5b4-29184a759bb4,2026-09-24T19:24:32.977853+00:00,kernelshap,ray,SVM-RBF,15,2,2,100,50,0,94.83745859999908,0.000573257768055984,2063.7279650015425,,True,,"(100, 15, 2)",True,3.371868756429919e-16,,,,,,,,,,,0,True,1,Titiksha,8,42,0.52.0,3.3.1
8a9a5102-45c7-49f9-a777-4d1f12b19d94,2026-09-24T19:26:07.978239+00:00,kernelshap,ray,SVM-RBF,15,4,4,100,50,0,89.66357989999233,0.0005949880319450485,2141.9569150021744,,True,,"(100, 15, 2)",True,4.909267437014364e-16,,,,,,,,,,,0,True,1,Titiksha,8,42,0.52.0,3.3.1
7862a636-d300-404b-ae3a-9f4be22f09a9,2026-09-24T19:27:37.809849+00:00,kernelshap,ray,SVM-RBF,15,8,8,100,50,0,35.62560959998518,0.0003468580241667227,1248.6888870002017,,True,,"(100, 15, 2)",True,4.475586568020162e-16,,,,,,,,,,,0,True,1,Titiksha,8,42,0.52.0,3.3.1
203635e8-87b4-4b4b-a516-67e122126fa5,2026-09-24T19:28:13.595019+00:00,kernelshap,serial,SVM-RBF,30,1,1,100,50,0,170.2241384999943,0.0007898112977779426,2843.3206720005933,,True,,"(100, 30, 2)",True,2.440810140807992e-16,,,,,,,,,,,0,True,1,Titiksha,8,42,0.52.0,3.3.1
0e8e62f1-e81f-451f-b218-aaebc017700e,2026-09-24T19:31:03.961098+00:00,kernelshap,multiprocessing,SVM-RBF,30,1,1,100,50,0,164.23897030000808,0.0007525426841671068,2709.1536630015844,,True,,"(100, 30, 2)",True,3.355605723842636e-16,,,,,,,,,,,0,True,1,Titiksha,8,42,0.52.0,3.3.1
4a9390eb-eb29-4863-848d-86d470d3ee42,2026-09-24T19:33:48.337581+00:00,kernelshap,multiprocessing,SVM-RBF,30,2,2,100,50,0,102.37083550001262,0.000584320729999567,2103.5546279984414,,True,,"(100, 30, 2)",True,3.3306690738754696e-16,,,,,,,,,,,0,True,1,Titiksha,8,42,0.52.0,3.3.1
d5baec3f-3530-4f4f-9760-b14b5faa57f5,2026-09-24T19:35:30.820985+00:00,kernelshap,multiprocessing,SVM-RBF,30,4,4,100,50,0,59.40656689996831,0.0004485165350005607,1614.6595260020185,,True,,"(100, 30, 2)",True,3.3306690738754696e-16,,,,,,,,,,,0,True,1,Titiksha,8,42,0.52.0,3.3.1
ce24df12-e4ca-47e0-b4f8-1a59564053cd,2026-09-24T19:36:30.340662+00:00,kernelshap,multiprocessing,SVM-RBF,30,8,8,100,50,0,39.527892699989025,0.00037465846777746253,1348.770483998865,,True,,"(100, 30, 2)",True,3.456436525883788e-16,,,,,,,,,,,0,True,1,Titiksha,8,42,0.52.0,3.3.1
60cdcde4-3a21-4d2a-9b7d-606ab2d5eacd,2026-09-24T19:37:09.998264+00:00,kernelshap,threading,SVM-RBF,30,1,1,100,50,0,165.69897149997996,0.0007981463530555809,2873.326871000091,,True,,"(100, 30, 2)",True,3.3306690738754696e-16,,,,,,,,,,,0,True,1,Titiksha,8,42,0.52.0,3.3.1
85f4f565-31e3-4f82-908e-4c2564811e93,2026-09-24T19:39:55.827014+00:00,kernelshap,threading,SVM-RBF,30,2,2,100,50,0,103.71591319999425,0.0004930181699998315,1774.8654119993935,,True,,"(100, 30, 2)",True,2.440810140807992e-16,,,,,,,,,,,0,True,1,Titiksha,8,42,0.52.0,3.3.1
b03cfac2-490d-4249-9fff-0677c2806877,2026-09-24T19:41:39.695349+00:00,kernelshap,threading,SVM-RBF,30,4,4,100,50,0,52.507898700016085,0.0004063916519437203,1463.009946997393,,True,,"(100, 30, 2)",True,2.766206317825204e-16,,,,,,,,,,,0,True,1,Titiksha,8,42,0.52.0,3.3.1
cd850283-fee5-42ab-a9c6-f4d9e950c27f,2026-09-24T19:42:32.318877+00:00,kernelshap,threading,SVM-RBF,30,8,8,100,50,0,36.71932640002342,0.0003361179766659117,1210.024715997282,,True,,"(100, 30, 2)",True,2.634611279139776e-16,,,,,,,,,,,0,True,1,Titiksha,8,42,0.52.0,3.3.1
800d17c0-03da-4310-97e1-842d2ad55bf4,2026-09-24T19:43:09.176765+00:00,kernelshap,joblib,SVM-RBF,30,1,1,100,50,0,196.88059789995896,0.0014025170138892255,5049.061250001212,,True,,"(100, 30, 2)",True,2.766206317825204e-16,,,,,,,,,,,0,True,1,Titiksha,8,42,0.52.0,3.3.1
18dc9090-a643-44e8-9d99-0d0a0c346343,2026-09-24T19:46:26.182936+00:00,kernelshap,joblib,SVM-RBF,30,2,2,100,50,0,122.723921399971,0.0007282063561105771,2621.5428819980775,,True,,"(100, 30, 2)",True,3.2547749218014843e-16,,,,,,,,,,,0,True,1,Titiksha,8,42,0.52.0,3.3.1
f1793c34-ac24-4038-8f2c-c87a977092a7,2026-09-24T19:48:29.041898+00:00,kernelshap,joblib,SVM-RBF,30,4,4,100,50,0,60.31675229995744,0.00048374488277815736,1741.4815780013664,,True,,"(100, 30, 2)",True,2.695326600798964e-16,,,,,,,,,,,0,True,1,Titiksha,8,42,0.52.0,3.3.1
5221f60a-3a8b-4ab8-b799-50244c013d04,2026-09-24T19:49:29.516125+00:00,kernelshap,joblib,SVM-RBF,30,8,8,100,50,0,42.547169400029816,0.0003786023997228924,1362.9686390024126,,True,,"(100, 30, 2)",True,3.400058012914542e-16,,,,,,,,,,,0,True,1,Titiksha,8,42,0.52.0,3.3.1
6123d0cb-2967-483a-b65c-0f7e9176c3d1,2026-09-24T19:50:12.215298+00:00,kernelshap,ray,SVM-RBF,30,1,1,100,50,0,146.41952699999092,0.0007022497558331654,2528.0991209993954,,True,,"(100, 30, 2)",True,3.469446951953614e-16,,,,,,,,,,,0,True,1,Titiksha,8,42,0.52.0,3.3.1
78f6c0c4-ed80-4c98-b668-2e5afa75a862,2026-09-24T19:52:38.817996+00:00,kernelshap,ray,SVM-RBF,30,2,2,100,50,0,97.44913359999191,0.0005895292288893919,2122.305224001811,,True,,"(100, 30, 2)",True,3.8055496254241206e-16,,,,,,,,,,,0,True,1,Titiksha,8,42,0.52.0,3.3.1
160b0e11-a3a4-4986-8a20-1997e90a3bd8,2026-09-24T19:54:16.426738+00:00,kernelshap,ray,SVM-RBF,30,4,4,100,50,0,51.82742489996599,0.00041840782444447355,1506.2681680001049,,True,,"(100, 30, 2)",True,2.5240226575462543e-16,,,,,,,,,,,0,True,1,Titiksha,8,42,0.52.0,3.3.1
17fa2bfe-8a72-4b4c-8aaf-91ad0323a9e0,2026-09-24T19:55:08.425936+00:00,kernelshap,ray,SVM-RBF,30,8,8,100,50,0,43.99319690000266,0.00037448593555501966,1348.1493679980708,,True,,"(100, 30, 2)",True,2.695326600798964e-16,,,,,,,,,,,0,True,1,Titiksha,8,42,0.52.0,3.3.1
72d50b3b-3d62-4968-a889-e20908e1b077,2026-09-24T19:55:52.591577+00:00,kernelshap,serial,LogisticRegression,15,1,1,100,50,0,9.07484909996856,4.414800055555293e-05,158.93280199999055,,True,,"(100, 15, 2)",True,4.440892098500626e-16,,,,,,,,,,,0,True,1,Titiksha,8,42,0.52.0,3.3.1
226e5d69-1c54-435f-a036-c5a5e6066d6b,2026-09-24T19:56:01.798641+00:00,kernelshap,multiprocessing,LogisticRegression,15,1,1,100,50,0,10.165453599998727,5.6309272222089535e-05,202.71337999952232,,True,,"(100, 15, 2)",True,4.440892098500626e-16,,,,,,,,,,,0,True,1,Titiksha,8,42,0.52.0,3.3.1
881c5424-6410-4e66-be9b-eb935f6f02e8,2026-09-24T19:56:12.084142+00:00,kernelshap,multiprocessing,LogisticRegression,15,2,2,100,50,0,7.7402894999831915,5.731403777774896e-05,206.33053599989626,,True,,"(100, 15, 2)",True,4.440892098500626e-16,,,,,,,,,,,0,True,1,Titiksha,8,42,0.52.0,3.3.1
d3be274c-c9ef-430d-92bd-9a01459f1e9f,2026-09-24T19:56:19.931241+00:00,kernelshap,multiprocessing,LogisticRegression,15,4,4,100,50,0,7.112762400007341,7.501163583360435e-05,270.04188900097563,,True,,"(100, 15, 2)",True,4.440892098500626e-16,,,,,,,,,,,0,True,1,Titiksha,8,42,0.52.0,3.3.1
312de3c2-d543-4081-98a8-acf18f157143,2026-09-24T19:56:27.162468+00:00,kernelshap,multiprocessing,LogisticRegression,15,8,8,100,50,0,9.80004950001603,7.684697916710698e-05,276.6491250015851,,True,,"(100, 15, 2)",True,4.440892098500626e-16,,,,,,,,,,,0,True,1,Titiksha,8,42,0.52.0,3.3.1
a724c15b-1db0-4501-aa19-b15ae4f35c47,2026-09-24T19:56:37.110131+00:00,kernelshap,threading,LogisticRegression,15,1,1,100,50,0,8.737254699983168,4.196686611177003e-05,151.0807180023721,,True,,"(100, 15, 2)",True,4.440892098500626e-16,,,,,,,,,,,0,True,1,Titiksha,8,42,0.52.0,3.3.1
061f3eeb-3b46-4801-9bd1-5c1baf5c2619,2026-09-24T19:56:46.011537+00:00,kernelshap,threading,LogisticRegression,15,2,2,100,50,0,16.104988700011745,7.445758750006942e-05,268.0473150002499,,True,,"(100, 15, 2)",True,4.440892098500626e-16,,,,,,,,,,,0,True,1,Titiksha,8,42,0.52.0,3.3.1
7cd7c759-de4b-4a87-966b-ae35225aef5d,2026-09-24T19:57:02.226351+00:00,kernelshap,threading,LogisticRegression,15,4,4,100,50,0,12.375468200014438,8.563753777776975e-05,308.2951359999711,,True,,"(100, 15, 2)",True,4.440892098500626e-16,,,,,,,,,,,0,True,1,Titiksha,8,42,0.52.0,3.3.1
1053fb75-f791-4e87-959c-8114de3ab646,2026-09-24T19:57:14.720673+00:00,kernelshap,threading,LogisticRegression,15,8,8,100,50,0,12.12375999998767,9.180910805610051e-05,330.51278900196183,,True,,"(100, 15, 2)",True,4.440892098500626e-16,,,,,,,,,,,0,True,1,Titiksha,8,42,0.52.0,3.3.1
4d213e36-0b54-498e-b961-c4dec18f3f4e,2026-09-24T19:57:27.018587+00:00,kernelshap,joblib,LogisticRegression,15,1,1,100,50,0,8.164732000033837,4.118471666665624e-05,148.26497999996246,,True,,"(100, 15, 2)",True,5.551115123125783e-16,,,,,,,,,,,0,True,1,Titiksha,8,42,0.52.0,3.3.1
1b4aea19-2cd8-4f45-9c4d-947f47a8bf29,2026-09-24T19:57:35.324339+00:00,kernelshap,joblib,LogisticRegression,15,2,2,100,50,0,6.499495600000955,4.518741666692527e-05,162.67470000093098,,True,,"(100, 15, 2)",True,4.440892098500626e-16,,,,,,,,,,,0,True,1,Titiksha,8,42,0.52.0,3.3.1
b7bd57df-3bdf-4014-8f34-98ff5c374ff7,2026-09-24T19:57:41.964010+00:00,kernelshap,joblib,LogisticRegression,15,4,4,100,50,0,5.717384500021581,5.036642805488628e-05,181.3191409975906,,True,,"(100, 15, 2)",True,4.440892098500626e-16,,,,,,,,,,,0,True,1,Titiksha,8,42,0.52.0,3.3.1
518c280d-27a2-4927-95b9-9c715ce6042b,2026-09-24T19:57:47.814637+00:00,kernelshap,joblib,LogisticRegression,15,8,8,100,50,0,6.468650399998296,6.543226250028955e-05,235.55614500104238,,True,,"(100, 15, 2)",True,4.440892098500626e-16,,,,,,,,,,,0,True,1,Titiksha,8,42,0.52.0,3.3.1
7b0c48aa-1e96-4a25-8744-885b019398f8,2026-09-24T19:57:54.414225+00:00,kernelshap,ray,LogisticRegression,15,1,1,100,50,0,12.90891019999981,8.101664972208489e-05,291.6599389995056,,True,,"(100, 15, 2)",True,4.440892098500626e-16,,,,,,,,,,,0,True,1,Titiksha,8,42,0.52.0,3.3.1
c9da4d58-0af2-4cfa-9431-6b5491cc92bd,2026-09-24T19:58:07.498833+00:00,kernelshap,ray,LogisticRegression,15,2,2,100,50,0,13.583505099988542,0.00014031935916628338,505.1496929986202,,True,,"(100, 15, 2)",True,4.440892098500626e-16,,,,,,,,,,,0,True,1,Titiksha,8,42,0.52.0,3.3.1
6306bd8a-92c1-4f5b-83ba-c2437ba98d49,2026-09-24T19:58:21.265965+00:00,kernelshap,ray,LogisticRegression,15,4,4,100,50,0,13.258944500004873,0.00012807431333317076,461.0675279994148,,True,,"(100, 15, 2)",True,4.440892098500626e-16,,,,,,,,,,,0,True,1,Titiksha,8,42,0.52.0,3.3.1
8f32cbcf-0a56-49a5-a83c-dbd3ce082ad0,2026-09-24T19:58:34.700887+00:00,kernelshap,ray,LogisticRegression,15,8,8,100,50,0,17.425731599971186,0.0001505238213891473,541.8857570009303,,True,,"(100, 15, 2)",True,4.440892098500626e-16,,,,,,,,,,,0,True,1,Titiksha,8,42,0.52.0,3.3.1
ee957d3e-5be8-4fd2-b6a3-322ec7dfe097,2026-09-24T19:58:52.332063+00:00,kernelshap,serial,LogisticRegression,30,1,1,100,50,0,11.84363379998831,6.943455194398027e-05,249.96438699832896,,True,,"(100, 30, 2)",True,4.440892098500626e-16,,,,,,,,,,,0,True,1,Titiksha,8,42,0.52.0,3.3.1
20792455-b866-4a28-a332-3fd7dc949262,2026-09-24T19:59:04.318800+00:00,kernelshap,multiprocessing,LogisticRegression,30,1,1,100,50,0,12.920739299966954,8.112645527707726e-05,292.05523899747817,,True,,"(100, 30, 2)",True,4.440892098500626e-16,,,,,,,,,,,0,True,1,Titiksha,8,42,0.52.0,3.3.1
eacdd102-65d4-4303-a5d0-9a51380c9b48,2026-09-24T19:59:17.364616+00:00,kernelshap,multiprocessing,LogisticRegression,30,2,2,100,50,0,8.87214390002191,6.914714333415908e-05,248.9297160029727,,True,,"(100, 30, 2)",True,4.440892098500626e-16,,,,,,,,,,,0,True,1,Titiksha,8,42,0.52.0,3.3.1
943c0569-062b-4f9d-bc42-9d0e3672a073,2026-09-24T19:59:26.345723+00:00,kernelshap,multiprocessing,LogisticRegression,30,4,4,100,50,0,7.112752199987881,6.797442416652325e-05,244.70792699948367,,True,,"(100, 30, 2)",True,4.440892098500626e-16,,,,,,,,,,,0,True,1,Titiksha,8,42,0.52.0,3.3.1
1bece44a-94e3-4af0-8709-d6a2d94ea9f7,2026-09-24T19:59:33.594702+00:00,kernelshap,multiprocessing,LogisticRegression,30,8,8,100,50,0,9.966461600037292,7.986800333327145e-05,287.5248119997772,,True,,"(100, 30, 2)",True,4.996003610813204e-16,,,,,,,,,,,0,True,1,Titiksha,8,42,0.52.0,3.3.1
f1c956ba-bded-4a68-b0d2-01807f4c2060,2026-09-24T19:59:43.698921+00:00,kernelshap,threading,LogisticRegression,30,1,1,100,50,0,11.00802060001297,6.671702361100984e-05,240.18128499963544,,True,,"(100, 30, 2)",True,4.440892098500626e-16,,,,,,,,,,,0,True,1,Titiksha,8,42,0.52.0,3.3.1
8ae4dd55-1a2f-4f91-8b68-340af591fff9,2026-09-24T19:59:54.899916+00:00,kernelshap,threading,LogisticRegression,30,2,2,100,50,0,19.134626500017475,9.604816472248007e-05,345.77339300092825,,True,,"(100, 30, 2)",True,4.440892098500626e-16,,,,,,,,,,,0,True,1,Titiksha,8,42,0.52.0,3.3.1
d73f1486-29b2-4aff-af03-ec9c2ef7bd07,2026-09-24T20:00:14.181146+00:00,kernelshap,threading,LogisticRegression,30,4,4,100,50,0,14.196407899959013,9.528415194376069e-05,343.0229469975385,,True,,"(100, 30, 2)",True,4.440892098500626e-16,,,,,,,,,,,0,True,1,Titiksha,8,42,0.52.0,3.3.1
06299728-fd08-40b7-a5cb-d1dafdf8192b,2026-09-24T20:00:28.511765+00:00,kernelshap,threading,LogisticRegression,30,8,8,100,50,0,13.776561999984551,9.921293888901644e-05,357.1665800004592,,True,,"(100, 30, 2)",True,3.3306690738754696e-16,,,,,,,,,,,0,True,1,Titiksha,8,42,0.52.0,3.3.1
ec63e257-6466-4a5c-9e65-5dd038cbb6d6,2026-09-24T20:00:42.416372+00:00,kernelshap,joblib,LogisticRegression,30,1,1,100,50,0,11.478111999982502,5.532558277776891e-05,199.1720979999681,,True,,"(100, 30, 2)",True,4.440892098500626e-16,,,,,,,,,,,0,True,1,Titiksha,8,42,0.52.0,3.3.1
4b6f6ce9-77c8-4beb-8083-24528fad4f16,2026-09-24T20:00:54.012152+00:00,kernelshap,joblib,LogisticRegression,30,2,2,100,50,0,9.065413500007708,6.141206777742284e-05,221.0834439987222,,True,,"(100, 30, 2)",True,4.440892098500626e-16,,,,,,,,,,,0,True,1,Titiksha,8,42,0.52.0,3.3.1
9d74bdac-e328-4756-9b48-267d81708064,2026-09-24T20:01:03.220397+00:00,kernelshap,joblib,LogisticRegression,30,4,4,100,50,0,6.46079219999956,5.812176361026655e-05,209.2383489969596,,True,,"(100, 30, 2)",True,4.440892098500626e-16,,,,,,,,,,,0,True,1,Titiksha,8,42,0.52.0,3.3.1
979ebb18-bf60-401a-adef-6db9884469c4,2026-09-24T20:01:09.877393+00:00,kernelshap,joblib,LogisticRegression,30,8,8,100,50,0,7.44039399997564,7.798692250022764e-05,280.75292100081947,,True,,"(100, 30, 2)",True,4.440892098500626e-16,,,,,,,,,,,0,True,1,Titiksha,8,42,0.52.0,3.3.1
5b15af7f-f27c-47c4-93db-7ef5bbda480f,2026-09-24T20:01:17.471652+00:00,kernelshap,ray,LogisticRegression,30,1,1,100,50,0,15.037354399973992,8.822412833401488e-05,317.60686200245357,,True,,"(100, 30, 2)",True,4.440892098500626e-16,,,,,,,,,,,0,True,1,Titiksha,8,42,0.52.0,3.3.1
91aea933-3dc2-4284-b198-e3db5f8b1d3f,2026-09-24T20:01:32.686366+00:00,kernelshap,ray,LogisticRegression,30,2,2,100,50,0,11.250188799982425,8.088222972191597e-05,291.1760269988975,,True,,"(100, 30, 2)",True,4.440892098500626e-16,,,,,,,,,,,0,True,1,Titiksha,8,42,0.52.0,3.3.1
086ef37c-7be6-4c0d-8a9c-36c6dfdcb840,2026-09-24T20:01:44.130745+00:00,kernelshap,ray,LogisticRegression,30,4,4,100,50,0,9.135419699945487,8.309485416575085e-05,299.1414749967031,,True,,"(100, 30, 2)",True,4.440892098500626e-16,,,,,,,,,,,0,True,1,Titiksha,8,42,0.52.0,3.3.1
6b6e0ee0-a7a8-4d61-b18c-5acca9cdcda7,2026-09-24T20:01:53.457733+00:00,kernelshap,ray,LogisticRegression,30,8,8,100,50,0,9.700474500015844,9.870258861089871e-05,355.3293189992354,,True,,"(100, 30, 2)",True,4.440892098500626e-16,,,,,,,,,,,0,True,1,Titiksha,8,42,0.52.0,3.3.1
e78f11b4-72a9-4162-b36a-d6c000032bcd,2026-09-24T20:02:03.335348+00:00,kernelshap,serial,SVM-RBF,15,1,1,100,100,0,271.52584870002465,0.0010772142633327236,3877.971347997805,,True,,"(100, 15, 2)",True,5.04045589988511e-16,,,,,,,,,,,0,True,1,Titiksha,8,42,0.52.0,3.3.1
875a08d5-87d2-4f4a-8be6-c779ed3ede9e,2026-09-24T20:06:34.998240+00:00,kernelshap,multiprocessing,SVM-RBF,15,1,1,100,100,0,265.38176429999294,0.001526480311388363,5495.329120998107,,True,,"(100, 15, 2)",True,4.787836793695988e-16,,,,,,,,,,,0,True,1,Titiksha,8,42,0.52.0,3.3.1
99f68d3a-42d0-4dd8-be29-77bc10c5b1fa,2026-09-24T20:11:00.510057+00:00,kernelshap,multiprocessing,SVM-RBF,15,2,2,100,100,0,166.55376999999862,0.0009075459083338899,3267.1652700020036,,True,,"(100, 15, 2)",True,4.675079767757495e-16,,,,,,,,,,,0,True,1,Titiksha,8,42,0.52.0,3.3.1
f4d128ab-9802-41ee-af3c-97749c807cb3,2026-09-24T20:13:47.212256+00:00,kernelshap,multiprocessing,SVM-RBF,15,4,4,100,100,0,94.50805349997245,0.0007256076152774432,2612.1874149987957,,True,,"(100, 15, 2)",True,5.898059818321144e-16,,,,,,,,,,,0,True,1,Titiksha,8,42,0.52.0,3.3.1
7c0c35e0-a2e8-4068-9c6f-582f6504b4e0,2026-09-24T20:15:21.849367+00:00,kernelshap,multiprocessing,SVM-RBF,15,8,8,100,100,0,62.76625640003476,0.0005626030736113619,2025.3710650009027,,True,,"(100, 15, 2)",True,4.993835206468233e-16,,,,,,,,,,,0,True,1,Titiksha,8,42,0.52.0,3.3.1
d695a4e0-541c-4303-b4cc-34b603f926a4,2026-09-24T20:16:24.726061+00:00,kernelshap,threading,SVM-RBF,15,1,1,100,100,0,255.36539940000512,0.0011615460036110692,4181.565612999849,,True,,"(100, 15, 2)",True,6.019490461639521e-16,,,,,,,,,,,0,True,1,Titiksha,8,42,0.52.0,3.3.1
6bdce8d2-9498-42d2-9187-0e7fbc7b2854,2026-09-24T20:20:40.226727+00:00,kernelshap,threading,SVM-RBF,15,2,2,100,100,0,150.836752000032,0.000676204629444399,2434.3366659998364,,True,,"(100, 15, 2)",True,5.93275428784068e-16,,,,,,,,,,,0,True,1,Titiksha,8,42,0.52.0,3.3.1
76344c45-5634-4ae4-8a52-6608289c6f3b,2026-09-24T20:23:11.203141+00:00,kernelshap,threading,SVM-RBF,15,4,4,100,100,0,78.9214631000068,0.0006372673522220401,2294.1624679993442,,True,,"(100, 15, 2)",True,4.993835206468233e-16,,,,,,,,,,,0,True,1,Titiksha,8,42,0.52.0,3.3.1
a1744dc8-4996-4e0a-8ae3-7326c1c0dab9,2026-09-24T20:24:30.246306+00:00,kernelshap,threading,SVM-RBF,15,8,8,100,100,0,59.33898329996737,0.0005302107094447561,1908.758554001122,,True,,"(100, 15, 2)",True,4.996003610813204e-16,,,,,,,,,,,0,True,1,Titiksha,8,42,0.52.0,3.3.1
28db4cb0-d608-403e-b22f-8d1b48f873c4,2026-09-24T20:25:29.690042+00:00,kernelshap,joblib,SVM-RBF,15,1,1,100,100,0,268.9323702999973,0.0012449399855557972,4481.78394800087,,True,,"(100, 15, 2)",True,4.917941054394248e-16,,,,,,,,,,,0,True,1,Titiksha,8,42,0.52.0,3.3.1
0b086bbc-b704-41ef-9b9b-772810d4733c,2026-09-24T20:29:58.750653+00:00,kernelshap,joblib,SVM-RBF,15,2,2,100,100,0,186.87735189998057,0.001005489838610929,3619.7634189993446,,True,,"(100, 15, 2)",True,4.993835206468233e-16,,,,,,,,,,,0,True,1,Titiksha,8,42,0.52.0,3.3.1
a0b03998-9a5f-4cd4-acd9-1ea5a46389f2,2026-09-24T20:33:05.759778+00:00,kernelshap,joblib,SVM-RBF,15,4,4,100,100,0,84.37006200000178,0.0006837450583341564,2461.4822100029633,,True,,"(100, 15, 2)",True,5.793976409762536e-16,,,,,,,,,,,0,True,1,Titiksha,8,42,0.52.0,3.3.1
cfbcfe77-fe77-46d8-a554-69bd6cd4cd36,2026-09-24T20:34:30.281012+00:00,kernelshap,joblib,SVM-RBF,15,8,8,100,100,0,56.92727169999853,0.0005201037991664145,1872.3736769990924,,True,,"(100, 15, 2)",True,4.954803928258755e-16,,,,,,,,,,,0,True,1,Titiksha,8,42,0.52.0,3.3.1
a79e00db-d886-411c-bc6d-b6c41cb1d404,2026-09-24T20:35:27.356175+00:00,kernelshap,ray,SVM-RBF,15,1,1,100,100,0,270.90088800003286,0.0011870098972218898,4273.235629998803,,True,,"(100, 15, 2)",True,4.909267437014364e-16,,,,,,,,,,,0,True,1,Titiksha,8,42,0.52.0,3.3.1
d84d52da-f1cc-4df0-ad5f-266a814aee2f,2026-09-24T20:39:58.421342+00:00,kernelshap,ray,SVM-RBF,15,2,2,100,100,0,140.60806800000137,0.0007485805213891874,2694.8898770010746,,True,,"(100, 15, 2)",True,4.822531263215524e-16,,,,,,,,,,,0,True,1,Titiksha,8,42,0.52.0,3.3.1
ebcd1cd0-c319-4d08-b524-959c707b5fcb,2026-09-24T20:42:19.206684+00:00,kernelshap,ray,SVM-RBF,15,4,4,100,100,0,74.41053290001582,0.000625177577499296,2250.6392789974657,,True,,"(100, 15, 2)",True,5.785302792382652e-16,,,,,,,,,,,0,True,1,Titiksha,8,42,0.52.0,3.3.1
267cc249-bcd2-41fd-888a-3d52f8cbeb35,2026-09-24T20:43:33.807426+00:00,kernelshap,ray,SVM-RBF,15,8,8,100,100,0,63.94351289997576,0.0005810776308340093,2091.8794710024335,,True,,"(100, 15, 2)",True,5.551115123125783e-16,,,,,,,,,,,0,True,1,Titiksha,8,42,0.52.0,3.3.1
5357f21d-0bdf-4bcb-9746-b8e4520e09d2,2026-09-24T20:44:37.921736+00:00,kernelshap,serial,SVM-RBF,30,1,1,100,100,0,336.7468916000216,0.001290757425277421,4646.7267309987155,,True,,"(100, 30, 2)",True,2.796157402840116e-16,,,,,,,,,,,0,True,1,Titiksha,8,42,0.52.0,3.3.1
46ebd9e4-aae0-45dc-9277-0bfd8c12de14,2026-09-24T20:50:14.824440+00:00,kernelshap,multiprocessing,SVM-RBF,30,1,1,100,100,0,331.0733409000095,0.001299827908610461,4679.38047099766,,True,,"(100, 30, 2)",True,2.766206317825204e-16,,,,,,,,,,,0,True,1,Titiksha,8,42,0.52.0,3.3.1
f8edf2d8-9749-4b8f-9738-1272bc888ec3,2026-09-24T20:55:46.048854+00:00,kernelshap,multiprocessing,SVM-RBF,30,2,2,100,100,0,193.8658421,0.0009108410074996215,3279.0276269986375,,True,,"(100, 30, 2)",True,2.766206317825204e-16,,,,,,,,,,,0,True,1,Titiksha,8,42,0.52.0,3.3.1
1caa8d89-c5b0-4fcc-a213-647181966d79,2026-09-24T20:59:00.025471+00:00,kernelshap,multiprocessing,SVM-RBF,30,4,4,100,100,0,101.01647769997362,0.0008191692086111507,2949.0091510001425,,True,,"(100, 30, 2)",True,3.3306690738754696e-16,,,,,,,,,,,0,True,1,Titiksha,8,42,0.52.0,3.3.1
38625a05-04ed-48ee-b73f-5c14d64cb69d,2026-09-24T21:00:41.182649+00:00,kernelshap,multiprocessing,SVM-RBF,30,8,8,100,100,0,77.54236969997874,0.0006930363441662729,2494.9308389985827,,True,,"(100, 30, 2)",True,2.695326600798964e-16,,,,,,,,,,,0,True,1,Titiksha,8,42,0.52.0,3.3.1
4a01f2eb-d54c-4a57-a844-8f4e30bef92f,2026-09-24T21:01:58.865530+00:00,kernelshap,threading,SVM-RBF,30,1,1,100,100,0,321.2905060000485,0.0014184483005559023,5106.413882001249,,True,,"(100, 30, 2)",True,3.3306690738754696e-16,,,,,,,,,,,0,True,1,Titiksha,8,42,0.52.0,3.3.1
2ee09339-9300-496b-8d67-f24719c50aad,2026-09-24T21:07:20.287788+00:00,kernelshap,threading,SVM-RBF,30,2,2,100,100,0,187.74983990000328,0.0009581990808326113,3449.5166909974005,,True,,"(100, 30, 2)",True,2.61184303351758e-16,,,,,,,,,,,0,True,1,Titiksha,8,42,0.52.0,3.3.1
1360d96b-93e1-4294-9a67-bf79e49d0d08,2026-09-24T21:10:28.180680+00:00,kernelshap,threading,SVM-RBF,30,4,4,100,100,0,106.80918139999267,0.0007955151636111144,2863.854589000012,,True,,"(100, 30, 2)",True,2.7755575615628914e-16,,,,,,,,,,,0,True,1,Titiksha,8,42,0.52.0,3.3.1
770594a7-cb06-45c1-ae51-5decdc7c3cfc,2026-09-24T21:12:15.104012+00:00,kernelshap,threading,SVM-RBF,30,8,8,100,100,0,66.85756900004344,0.0006106367669450677,2198.2923610022435,,True,,"(100, 30, 2)",True,3.3306690738754696e-16,,,,,,,,,,,0,True,1,Titiksha,8,42,0.52.0,3.3.1
7f04f65e-c285-4b20-9be7-535c993f457a,2026-09-24T21:13:22.098383+00:00,kernelshap,joblib,SVM-RBF,30,1,1,100,100,0,353.20057609997457,0.001737817783889005,6256.144022000418,,True,,"(100, 30, 2)",True,3.3306690738754696e-16,,,,,,,,,,,0,True,1,Titiksha,8,42,0.52.0,3.3.1
ea52b969-c273-41f7-92bf-15f4810030ab,2026-09-24T21:19:15.418447+00:00,kernelshap,joblib,SVM-RBF,30,2,2,100,100,0,233.70555190002779,0.0012004337630549602,4321.561546997857,,True,,"(100, 30, 2)",True,2.7755575615628914e-16,,,,,,,,,,,0,True,1,Titiksha,8,42,0.52.0,3.3.1
ae7ce28b-0e8a-4b64-8997-f4ff320c8174,2026-09-24T21:23:09.284371+00:00,kernelshap,joblib,SVM-RBF,30,4,4,100,100,0,121.9361254000105,0.0009431110358333883,3395.1997290001977,,True,,"(100, 30, 2)",True,2.572811755308102e-16,,,,,,,,,,,0,True,1,Titiksha,8,42,0.52.0,3.3.1
64174b5a-8293-4a62-aab5-3471a65e8c74,2026-09-24T21:25:11.381835+00:00,kernelshap,joblib,SVM-RBF,30,8,8,100,100,0,77.32554520003032,0.0007135602194444438,2568.8167899999976,,True,,"(100, 30, 2)",True,2.7755575615628914e-16,,,,,,,,,,,0,True,1,Titiksha,8,42,0.52.0,3.3.1
78da4819-acd1-42b5-9e8c-ab6abac4050c,2026-09-24T21:26:28.911127+00:00,kernelshap,ray,SVM-RBF,30,1,1,100,100,0,279.57474900002126,0.001330999373056134,4791.597743002082,,True,,"(100, 30, 2)",True,3.3306690738754696e-16,,,,,,,,,,,0,True,1,Titiksha,8,42,0.52.0,3.3.1
5fe02ece-38d4-4a2f-b1ef-344bf00effe2,2026-09-24T21:31:08.633368+00:00,kernelshap,ray,SVM-RBF,30,2,2,100,100,0,165.64816179999616,0.0009359902691662981,3369.564968998673,,True,,"(100, 30, 2)",True,3.3306690738754696e-16,,,,,,,,,,,0,True,1,Titiksha,8,42,0.52.0,3.3.1
911ab6eb-b8c9-470b-8b8e-a8c37a090c46,2026-09-24T21:33:54.476764+00:00,kernelshap,ray,SVM-RBF,30,4,4,100,100,0,98.81973420002032,0.0007652302883333975,2754.829038000231,,True,,"(100, 30, 2)",True,2.7755575615628914e-16,,,,,,,,,,,0,True,1,Titiksha,8,42,0.52.0,3.3.1
67503f39-e301-4703-996e-b16e8774f72d,2026-09-24T21:35:33.475757+00:00,kernelshap,ray,SVM-RBF,30,8,8,100,100,0,87.89128149999306,0.0006162773108335309,2218.5983190007114,,True,,"(100, 30, 2)",True,2.766206317825204e-16,,,,,,,,,,,0,True,1,Titiksha,8,42,0.52.0,3.3.1
772c9562-3e4d-481e-91f1-f507af88e67c,2026-09-24T21:37:01.609921+00:00,kernelshap,serial,LogisticRegression,15,1,1,100,100,0,24.038056099961977,8.631303722264616e-05,310.72693400152616,,True,,"(100, 15, 2)",True,3.3306690738754696e-16,,,,,,,,,,,0,True,1,Titiksha,8,42,0.52.0,3.3.1
14ede421-2cf4-421b-ab2c-9b629844126d,2026-09-24T21:37:25.909320+00:00,kernelshap,multiprocessing,LogisticRegression,15,1,1,100,100,0,27.763225800008513,0.00010295634333266218,370.64283599758386,,True,,"(100, 15, 2)",True,3.3903001933621724e-16,,,,,,,,,,,0,True,1,Titiksha,8,42,0.52.0,3.3.1
8483396b-1a14-4ee8-bf5a-947205ab5767,2026-09-24T21:37:53.902234+00:00,kernelshap,multiprocessing,LogisticRegression,15,2,2,100,100,0,18.849782900011633,7.897844222180816e-05,284.3223919985094,,True,,"(100, 15, 2)",True,4.440892098500626e-16,,,,,,,,,,,0,True,1,Titiksha,8,42,0.52.0,3.3.1
13063091-be64-433a-9ffb-9f03e5dd3a8c,2026-09-24T21:38:12.985052+00:00,kernelshap,multiprocessing,LogisticRegression,15,4,4,100,100,0,13.98891240003286,6.638053555569484e-05,238.96992800050143,,True,,"(100, 15, 2)",True,3.3306690738754696e-16,,,,,,,,,,,0,True,1,Titiksha,8,42,0.52.0,3.3.1
02e880d3-cb84-49e8-bfee-156524d08aa7,2026-09-24T21:38:27.191582+00:00,kernelshap,multiprocessing,LogisticRegression,15,8,8,100,100,0,15.527843600022607,8.675706944456102e-05,312.32545000041966,,True,,"(100, 15, 2)",True,3.3306690738754696e-16,,,,,,,,,,,0,True,1,Titiksha,8,42,0.52.0,3.3.1
6542019d-465b-4d15-9120-996f4fc8354f,2026-09-24T21:38:42.938810+00:00,kernelshap,threading,LogisticRegression,15,1,1,100,100,0,24.150450200017076,9.162393027774968e-05,329.84614899989884,,True,,"(100, 15, 2)",True,3.3306690738754696e-16,,,,,,,,,,,0,True,1,Titiksha,8,42,0.52.0,3.3.1
ff2fb50b-37d5-4e4b-ad3b-24ccaa572dba,2026-09-24T21:39:07.319809+00:00,kernelshap,threading,LogisticRegression,15,2,2,100,100,0,34.345183500030544,0.00012979529027831033,467.2630450019172,,True,,"(100, 15, 2)",True,4.440892098500626e-16,,,,,,,,,,,0,True,1,Titiksha,8,42,0.52.0,3.3.1
1009baf1-068b-46d9-ad9d-58fc3ece7bf3,2026-09-24T21:39:41.896506+00:00,kernelshap,threading,LogisticRegression,15,4,4,100,100,0,37.01853250002023,0.0001433865155556352,516.1914560002867,,True,,"(100, 15, 2)",True,4.440892098500626e-16,,,,,,,,,,,0,True,1,Titiksha,8,42,0.52.0,3.3.1
ea82260d-2d9c-4ec1-864f-6b064fab2060,2026-09-24T21:40:19.137463+00:00,kernelshap,threading,LogisticRegression,15,8,8,100,100,0,38.164271599962376,0.0001512759827777474,544.5935379998906,,True,,"(100, 15, 2)",True,4.440892098500626e-16,,,,,,,,,,,0,True,1,Titiksha,8,42,0.52.0,3.3.1
793d236c-f707-4a5a-9cff-a820bfa8f132,2026-09-24T21:40:57.529610+00:00,kernelshap,joblib,LogisticRegression,15,1,1,100,100,0,24.15576140000485,9.154573333303855e-05,329.5646399989388,,True,,"(100, 15, 2)",True,3.3306690738754696e-16,,,,,,,,,,,0,True,1,Titiksha,8,42,0.52.0,3.3.1
133567c6-4d61-418c-8019-bdbd038af696,2026-09-24T21:41:21.913514+00:00,kernelshap,joblib,LogisticRegression,15,2,2,100,100,0,20.854619499994442,9.179090333401307e-05,330.44725200244704,,True,,"(100, 15, 2)",True,3.3306690738754696e-16,,,,,,,,,,,0,True,1,Titiksha,8,42,0.52.0,3.3.1
9a5f884c-e23a-4124-9b4b-c67a8a4927c5,2026-09-24T21:41:42.997539+00:00,kernelshap,joblib,LogisticRegression,15,4,4,100,100,0,13.854237099993043,8.65601505557756e-05,311.61654200079215,,True,,"(100, 15, 2)",True,3.608224830031759e-16,,,,,,,,,,,0,True,1,Titiksha,8,42,0.52.0,3.3.1
d81461bb-2033-4b0f-a670-2b944cee4612,2026-09-24T21:41:57.096095+00:00,kernelshap,joblib,LogisticRegression,15,8,8,100,100,0,15.40329990000464,8.598274194468457e-05,309.53787100086447,,True,,"(100, 15, 2)",True,4.440892098500626e-16,,,,,,,,,,,0,True,1,Titiksha,8,42,0.52.0,3.3.1
add951c4-6df5-45c9-a14a-df128ba32fce,2026-09-24T21:42:12.821746+00:00,kernelshap,ray,LogisticRegression,15,1,1,100,100,0,35.06180670001777,0.0001390590569443212,500.6126049995563,,True,,"(100, 15, 2)",True,4.440892098500626e-16,,,,,,,,,,,0,True,1,Titiksha,8,42,0.52.0,3.3.1
74d8b9ea-1673-4a66-97c8-bc54326f87fc,2026-09-24T21:42:48.240024+00:00,kernelshap,ray,LogisticRegression,15,2,2,100,100,0,30.431138499989174,0.00012449610388906573,448.18597400063663,,True,,"(100, 15, 2)",True,4.440892098500626e-16,,,,,,,,,,,0,True,1,Titiksha,8,42,0.52.0,3.3.1
9fcdcfa2-c8a5-4035-8a01-802a304502be,2026-09-24T21:43:18.996412+00:00,kernelshap,ray,LogisticRegression,15,4,4,100,100,0,18.883759699994698,0.00010858879222160056,390.919651997762,,True,,"(100, 15, 2)",True,3.3903001933621724e-16,,,,,,,,,,,0,True,1,Titiksha,8,42,0.52.0,3.3.1
88d91339-abf8-4808-b023-7ef1e69efc6b,2026-09-24T21:43:38.090669+00:00,kernelshap,ray,LogisticRegression,15,8,8,100,100,0,18.10863050003536,0.00011427936111092774,411.40569999933984,,True,,"(100, 15, 2)",True,3.3306690738754696e-16,,,,,,,,,,,0,True,1,Titiksha,8,42,0.52.0,3.3.1
f663a635-e751-491e-930d-3d8732a874ff,2026-09-24T21:43:56.463471+00:00,kernelshap,serial,LogisticRegression,30,1,1,100,100,0,13.141753100033384,5.569624805602802e-05,200.50649300170087,,True,,"(100, 30, 2)",True,4.440892098500626e-16,,,,,,,,,,,0,True,1,Titiksha,8,42,0.52.0,3.3.1
577aa956-8845-44d9-96e2-59c07f61e7de,2026-09-24T21:44:09.717268+00:00,kernelshap,multiprocessing,LogisticRegression,30,1,1,100,100,0,33.32535520003876,0.00013432135361077235,483.5568729987805,,True,,"(100, 30, 2)",True,3.3306690738754696e-16,,,,,,,,,,,0,True,1,Titiksha,8,42,0.52.0,3.3.1
9e799a1d-c1cb-41d1-ad29-9f4c97e15840,2026-09-24T21:44:43.192222+00:00,kernelshap,multiprocessing,LogisticRegression,30,2,2,100,100,0,23.308925900026225,9.19347672224402e-05,330.96516200078474,,True,,"(100, 30, 2)",True,3.3306690738754696e-16,,,,,,,,,,,0,True,1,Titiksha,8,42,0.52.0,3.3.1
a0aff5a6-749f-493d-add4-1515c0541e52,2026-09-24T21:45:06.719275+00:00,kernelshap,multiprocessing,LogisticRegression,30,4,4,100,100,0,15.699877300008666,6.995661111104667e-05,251.84379999976804,,True,,"(100, 30, 2)",True,4.440892098500626e-16,,,,,,,,,,,0,True,1,Titiksha,8,42,0.52.0,3.3.1
6ac8c9d6-6d3a-4908-ab15-7e7df88ae943,2026-09-24T21:45:22.632143+00:00,kernelshap,multiprocessing,LogisticRegression,30,8,8,100,100,0,16.401608999993186,8.059397666602963e-05,290.1383159977067,,True,,"(100, 30, 2)",True,4.440892098500626e-16,,,,,,,,,,,0,True,1,Titiksha,8,42,0.52.0,3.3.1
964774ab-f80b-4d7c-879e-cf51440d1ac8,2026-09-24T21:45:39.256421+00:00,kernelshap,threading,LogisticRegression,30,1,1,100,100,0,34.0329086999991,0.0001211497291661312,436.13902499807233,,True,,"(100, 30, 2)",True,3.3306690738754696e-16,,,,,,,,,,,0,True,1,Titiksha,8,42,0.52.0,3.3.1
512dd027-4154-41bc-b75b-7ef68360049e,2026-09-24T21:46:13.547900+00:00,kernelshap,threading,LogisticRegression,30,2,2,100,100,0,44.69631269999081,0.00015788436861138844,568.3837270009984,,True,,"(100, 30, 2)",True,3.3306690738754696e-16,,,,,,,,,,,0,True,1,Titiksha,8,42,0.52.0,3.3.1
e7394af1-4b7a-462b-b2bc-de707ebb79db,2026-09-24T21:46:58.524361+00:00,kernelshap,threading,LogisticRegression,30,4,4,100,100,0,46.591862400004175,0.00016677310527792033,600.3831790005132,,True,,"(100, 30, 2)",True,3.4911309954033243e-16,,,,,,,,,,,0,True,1,Titiksha,8,42,0.52.0,3.3.1
ff0e2136-61da-4e02-b131-d5acb5986b84,2026-09-24T21:47:45.439490+00:00,kernelshap,threading,LogisticRegression,30,8,8,100,100,0,48.73365609999746,0.00017364073166599436,625.1066339975797,,True,,"(100, 30, 2)",True,3.3306690738754696e-16,,,,,,,,,,,0,True,1,Titiksha,8,42,0.52.0,3.3.1
7c5068bf-cb4b-41a4-b19a-c98b0c1a4d64,2026-09-24T21:48:34.407075+00:00,kernelshap,joblib,LogisticRegression,30,1,1,100,100,0,34.168854999996256,0.00012027230027808478,432.9802810011052,,True,,"(100, 30, 2)",True,3.3306690738754696e-16,,,,,,,,,,,0,True,1,Titiksha,8,42,0.52.0,3.3.1
5c9517fe-7219-4e5a-a943-b4b87c37297b,2026-09-24T21:49:08.814533+00:00,kernelshap,joblib,LogisticRegression,30,2,2,100,100,0,29.47308199998224,0.00010469507777778608,376.9022800000299,,True,,"(100, 30, 2)",True,3.3306690738754696e-16,,,,,,,,,,,0,True,1,Titiksha,8,42,0.52.0,3.3.1
db5c9696-caed-40f7-b71d-7c6e273f0592,2026-09-24T21:49:38.504389+00:00,kernelshap,joblib,LogisticRegression,30,4,4,100,100,0,21.16363300004741,7.726551444456331e-05,278.1558520004279,,True,,"(100, 30, 2)",True,3.3306690738754696e-16,,,,,,,,,,,0,True,1,Titiksha,8,42,0.52.0,3.3.1
edb0e3d6-015f-4d59-a509-d9f20827df0d,2026-09-24T21:49:59.898443+00:00,kernelshap,joblib,LogisticRegression,30,8,8,100,100,0,19.956047300016508,8.319540861134732e-05,299.50347100085037,,True,,"(100, 30, 2)",True,3.3306690738754696e-16,,,,,,,,,,,0,True,1,Titiksha,8,42,0.52.0,3.3.1
2eca8097-a27f-44e6-be35-8741455cd0a2,2026-09-24T21:50:20.087239+00:00,kernelshap,ray,LogisticRegression,30,1,1,100,100,0,55.57938280003145,0.00020121341805480475,724.3683049972971,,True,,"(100, 30, 2)",True,3.3306690738754696e-16,,,,,,,,,,,0,True,1,Titiksha,8,42,0.52.0,3.3.1
ad57bef2-9884-4254-8934-e0d5c47ad371,2026-09-24T21:51:16.079526+00:00,kernelshap,ray,LogisticRegression,30,2,2,100,100,0,40.40468740003416,0.00014411652638884886,518.8194949998559,,True,,"(100, 30, 2)",True,4.440892098500626e-16,,,,,,,,,,,0,True,1,Titiksha,8,42,0.52.0,3.3.1
10695cb7-b98c-4cdc-b4a3-a23cba8c2fe1,2026-09-24T21:51:56.826094+00:00,kernelshap,ray,LogisticRegression,30,4,4,100,100,0,30.746229199983645,0.00011391889555602275,410.1080240016819,,True,,"(100, 30, 2)",True,3.3306690738754696e-16,,,,,,,,,,,0,True,1,Titiksha,8,42,0.52.0,3.3.1
add40033-8523-4cb2-8630-b9006c7d81ca,2026-09-24T21:52:27.912210+00:00,kernelshap,ray,LogisticRegression,30,8,8,100,100,0,31.27801680000266,0.00012846442194468233,462.47191900085636,,True,,"(100, 30, 2)",True,4.440892098500626e-16,,,,,,,,,,,0,True,1,Titiksha,8,42,0.52.0,3.3.1
1e1779b2-9d94-4d06-b8b1-e09d51ae3730,2026-09-24T21:53:01.667963+00:00,kernelshap,serial,SVM-RBF,15,1,1,100,25,1,185.48999700002605,0.0006451402038886445,2322.50473399912,,True,,"(100, 15, 2)",True,3.3306690738754696e-16,,,,,,,,,,,0,True,1,Titiksha,8,42,0.52.0,3.3.1
a63cdd7b-2fbf-4614-9d64-a70636510722,2026-09-24T21:56:07.406734+00:00,kernelshap,multiprocessing,SVM-RBF,15,1,1,100,25,1,185.0904550999985,0.0006414001558341237,2309.040561002845,,True,,"(100, 15, 2)",True,3.3306690738754696e-16,,,,,,,,,,,0,True,1,Titiksha,8,42,0.52.0,3.3.1
95358fd2-4964-4b06-8a69-e94b923a1df0,2026-09-24T21:59:12.722476+00:00,kernelshap,multiprocessing,SVM-RBF,15,2,2,100,25,1,122.58899479999673,0.00042725896305557953,1538.1322670000864,,True,,"(100, 15, 2)",True,3.3306690738754696e-16,,,,,,,,,,,0,True,1,Titiksha,8,42,0.52.0,3.3.1
d1132a40-3bbb-49cb-adf0-972c8fa8a3b9,2026-09-24T22:01:15.543672+00:00,kernelshap,multiprocessing,SVM-RBF,15,4,4,100,25,1,70.20770020002965,0.00024786802833386135,892.3249020019008,,True,,"(100, 15, 2)",True,3.3306690738754696e-16,,,,,,,,,,,0,True,1,Titiksha,8,42,0.52.0,3.3.1
51679107-8b22-4dda-a532-7084f0f669de,2026-09-24T22:02:26.053885+00:00,kernelshap,multiprocessing,SVM-RBF,15,8,8,100,25,1,52.2899563999963,0.00019972468444429126,719.0088639994485,,True,,"(100, 15, 2)",True,3.5952144039619327e-16,,,,,,,,,,,0,True,1,Titiksha,8,42,0.52.0,3.3.1
6b0d2f39-9062-445c-b8b0-0a20b0588fc9,2026-09-24T22:03:18.578299+00:00,kernelshap,threading,SVM-RBF,15,1,1,100,25,1,173.46623059996637,0.0006027996391666097,2170.078700999795,,True,,"(100, 15, 2)",True,3.3306690738754696e-16,,,,,,,,,,,0,True,1,Titiksha,8,42,0.52.0,3.3.1
ce91a06a-32ce-4e8c-9acc-2822e6bd76a9,2026-09-24T22:06:12.292183+00:00,kernelshap,threading,SVM-RBF,15,2,2,100,25,1,114.99464140000055,0.00040012919111097334,1440.465087999504,,True,,"(100, 15, 2)",True,3.3306690738754696e-16,,,,,,,,,,,0,True,1,Titiksha,8,42,0.52.0,3.3.1
8d541f5b-a687-4f1c-b520-7b312314ba01,2026-09-24T22:08:07.517454+00:00,kernelshap,threading,SVM-RBF,15,4,4,100,25,1,69.5376729000127,0.00024382793722202423,877.7805739992872,,True,,"(100, 15, 2)",True,3.972516759986888e-16,,,,,,,,,,,0,True,1,Titiksha,8,42,0.52.0,3.3.1
32d122fa-7546-4108-bc73-7a9b4ff375b1,2026-09-24T22:09:17.290043+00:00,kernelshap,threading,SVM-RBF,15,8,8,100,25,1,68.2347463000333,0.00024410854916571967,878.7907769965908,,True,,"(100, 15, 2)",True,3.677613769070831e-16,,,,,,,,,,,0,True,1,Titiksha,8,42,0.52.0,3.3.1
14a4008f-f6ef-4582-8d3a-b2612a5c83c2,2026-09-24T22:10:25.760623+00:00,kernelshap,joblib,SVM-RBF,15,1,1,100,25,1,176.76740119996248,0.0006126786300005155,2205.6430680018557,,True,,"(100, 15, 2)",True,3.841328297116142e-16,,,,,,,,,,,0,True,1,Titiksha,8,42,0.52.0,3.3.1
28c16eeb-4118-4f2e-9231-9d73fb746f39,2026-09-24T22:13:22.748991+00:00,kernelshap,joblib,SVM-RBF,15,2,2,100,25,1,120.66872110002441,0.0004204536727770436,1513.633221997357,,True,,"(100, 15, 2)",True,3.469446951953614e-16,,,,,,,,,,,0,True,1,Titiksha,8,42,0.52.0,3.3.1
a3be3e06-e678-423d-9f13-f1a95b43a80d,2026-09-24T22:15:23.652810+00:00,kernelshap,joblib,SVM-RBF,15,4,4,100,25,1,69.62690569995902,0.0002457662177772768,884.7583839981965,,True,,"(100, 15, 2)",True,3.677613769070831e-16,,,,,,,,,,,0,True,1,Titiksha,8,42,0.52.0,3.3.1
0d1eb075-d008-4a9f-841c-3ece368f57eb,2026-09-24T22:16:33.517896+00:00,kernelshap,joblib,SVM-RBF,15,8,8,100,25,1,51.32765069999732,0.00019547743222213254,703.7187559996771,,True,,"(100, 15, 2)",True,3.677613769070831e-16,,,,,,,,,,,0,True,1,Titiksha,8,42,0.52.0,3.3.1
dbf829a8-bbee-4be3-9799-c8c63e32c197,2026-09-24T22:17:25.084131+00:00,kernelshap,ray,SVM-RBF,15,1,1,100,25,1,203.85712399997283,0.0007099911077770582,2555.9679879974096,,True,,"(100, 15, 2)",True,3.3306690738754696e-16,,,,,,,,,,,0,True,1,Titiksha,8,42,0.52.0,3.3.1
5cbbf29b-5342-4c51-be6d-152968af6723,2026-09-24T22:20:49.272364+00:00,kernelshap,ray,SVM-RBF,15,2,2,100,25,1,137.19744479999645,0.000482277882222576,1736.2003760012735,,True,,"(100, 15, 2)",True,3.3306690738754696e-16,,,,,,,,,,,0,True,1,Titiksha,8,42,0.52.0,3.3.1
adb14e95-fda0-4326-ad72-d8e7b1eee7c5,2026-09-24T22:23:06.828037+00:00,kernelshap,ray,SVM-RBF,15,4,4,100,25,1,82.6804298000061,0.00029340727111133724,1056.266176000814,,True,,"(100, 15, 2)",True,3.3306690738754696e-16,,,,,,,,,,,0,True,1,Titiksha,8,42,0.52.0,3.3.1
4fa0afc8-2d84-42d3-85ba-2418ef546cda,2026-09-24T22:24:29.860728+00:00,kernelshap,ray,SVM-RBF,15,8,8,100,25,1,66.43173559999559,0.0002512132125005728,904.3675650020622,,True,,"(100, 15, 2)",True,3.3306690738754696e-16,,,,,,,,,,,0,True,1,Titiksha,8,42,0.52.0,3.3.1
75257bb3-188c-49c4-a367-1b13902842fb,2026-09-24T22:25:36.648369+00:00,kernelshap,serial,SVM-RBF,30,1,1,100,25,1,224.53816359996563,0.000779791343333433,2807.248836000359,,True,,"(100, 30, 2)",True,3.634245682171411e-16,,,,,,,,,,,0,True,1,Titiksha,8,42,0.52.0,3.3.1
caf0ae42-900c-4c6f-9c26-e26a2be26fb9,2026-09-24T22:29:21.453287+00:00,kernelshap,multiprocessing,SVM-RBF,30,1,1,100,25,1,234.71374549996108,0.0008168194049998634,2940.5498579995083,,True,,"(100, 30, 2)",True,3.7470027081099033e-16,,,,,,,,,,,0,True,1,Titiksha,8,42,0.52.0,3.3.1
3c351a86-18ca-4e8a-8762-7a3f9b2ead31,2026-09-24T22:33:16.387446+00:00,kernelshap,multiprocessing,SVM-RBF,30,2,2,100,25,1,153.13971319998382,0.0005344315575002284,1923.9536070008223,,True,,"(100, 30, 2)",True,3.8055496254241206e-16,,,,,,,,,,,0,True,1,Titiksha,8,42,0.52.0,3.3.1
86f23839-a33d-4916-aad8-c6f2919c62c0,2026-09-24T22:35:49.756119+00:00,kernelshap,multiprocessing,SVM-RBF,30,4,4,100,25,1,84.95250289997784,0.00030088792944441,1083.196545999876,,True,,"(100, 30, 2)",True,3.8764293424503604e-16,,,,,,,,,,,0,True,1,Titiksha,8,42,0.52.0,3.3.1
48d2cb91-78b2-4518-9fe1-6aa49ffad0ca,2026-09-24T22:37:14.945510+00:00,kernelshap,multiprocessing,SVM-RBF,30,8,8,100,25,1,62.21779789996799,0.00023776202638887967,855.9432949999668,,True,,"(100, 30, 2)",True,3.8055496254241206e-16,,,,,,,,,,,0,True,1,Titiksha,8,42,0.52.0,3.3.1
4f789008-ece8-4f2d-8392-4fc260d67f3b,2026-09-24T22:38:17.404792+00:00,kernelshap,threading,SVM-RBF,30,1,1,100,25,1,223.5669982000254,0.0007758508177773128,2793.062943998326,,True,,"(100, 30, 2)",True,3.885780586188048e-16,,,,,,,,,,,0,True,1,Titiksha,8,42,0.52.0,3.3.1
7114b3ad-f9ff-4163-ac99-2fc45efe93d1,2026-09-24T22:42:01.240360+00:00,kernelshap,threading,SVM-RBF,30,2,2,100,25,1,40.84138920000987,0.00023479881916665943,845.275748999974,,True,,"(100, 30, 2)",True,3.8055496254241206e-16,,,,,,,,,,,0,True,1,Titiksha,8,42,0.52.0,3.3.1
35a08194-fc05-4832-9d68-b02355fa65ec,2026-09-24T22:42:42.295920+00:00,kernelshap,threading,SVM-RBF,30,4,4,100,25,1,26.295492400007788,0.0001947348563891005,701.0454830007618,,True,,"(100, 30, 2)",True,3.634245682171411e-16,,,,,,,,,,,0,True,1,Titiksha,8,42,0.52.0,3.3.1
9b031e5e-834b-45d5-ae53-4a8dc0f6e661,2026-09-24T22:43:08.699149+00:00,kernelshap,threading,SVM-RBF,30,8,8,100,25,1,26.18189559999155,0.0001899071463885571,683.6657269988056,,True,,"(100, 30, 2)",True,3.885780586188048e-16,,,,,,,,,,,0,True,1,Titiksha,8,42,0.52.0,3.3.1
6be31ab7-12af-45db-918b-7e6f73e28f33,2026-09-24T22:43:34.981161+00:00,kernelshap,joblib,SVM-RBF,30,1,1,100,25,1,71.36022010003217,0.00026729192277835656,962.2509220020836,,True,,"(100, 30, 2)",True,3.8764293424503604e-16,,,,,,,,,,,0,True,1,Titiksha,8,42,0.52.0,3.3.1
9d799bdd-1f74-4e02-8301-b465e855133d,2026-09-24T22:44:46.453332+00:00,kernelshap,joblib,SVM-RBF,30,2,2,100,25,1,40.119760199973825,0.0002458339994444725,885.0023980001009,,True,,"(100, 30, 2)",True,3.8764293424503604e-16,,,,,,,,,,,0,True,1,Titiksha,8,42,0.52.0,3.3.1
2befa5b9-2c87-42ed-a9ec-3dce11d3c799,2026-09-24T22:45:26.691612+00:00,kernelshap,joblib,SVM-RBF,30,4,4,100,25,1,26.359054999949876,0.0001992374438893052,717.2547980014987,,True,,"(100, 30, 2)",True,4.478839174537619e-16,,,,,,,,,,,0,True,1,Titiksha,8,42,0.52.0,3.3.1
330d67f3-1f3b-41dd-a2f3-811ad350704d,2026-09-24T22:45:53.173004+00:00,kernelshap,joblib,SVM-RBF,30,8,8,100,25,1,36.161449799954426,0.00021118494194452553,760.2657910002919,,True,,"(100, 30, 2)",True,3.7470027081099033e-16,,,,,,,,,,,0,True,1,Titiksha,8,42,0.52.0,3.3.1
c22ff0af-b2fe-4139-aa90-c2fe4d4212c1,2026-09-24T22:46:29.524997+00:00,kernelshap,ray,SVM-RBF,30,1,1,100,25,1,207.19294829998398,0.00072204378388864,2599.357621999104,,True,,"(100, 30, 2)",True,3.355605723842636e-16,,,,,,,,,,,0,True,1,Titiksha,8,42,0.52.0,3.3.1
775ee5e7-8b66-4b0c-989c-92db40140c20,2026-09-24T22:49:57.057410+00:00,kernelshap,ray,SVM-RBF,30,2,2,100,25,1,136.07255949999671,0.00048231528527796497,1736.3350270006738,,True,,"(100, 30, 2)",True,3.478120569333498e-16,,,,,,,,,,,0,True,1,Titiksha,8,42,0.52.0,3.3.1
97741d42-0d64-43b2-8602-cae06326bd70,2026-09-24T22:52:13.495578+00:00,kernelshap,ray,SVM-RBF,30,4,4,100,25,1,81.83818439999595,0.00029176002111119814,1050.3360760003134,,True,,"(100, 30, 2)",True,3.8055496254241206e-16,,,,,,,,,,,0,True,1,Titiksha,8,42,0.52.0,3.3.1
399caefb-5a3c-4991-a0eb-19c3f0f79b85,2026-09-24T22:53:35.692317+00:00,kernelshap,ray,SVM-RBF,30,8,8,100,25,1,62.96843089995673,0.0002413169872225729,868.7411540012624,,True,,"(100, 30, 2)",True,3.5510331654331484e-16,,,,,,,,,,,0,True,1,Titiksha,8,42,0.52.0,3.3.1
72b0efb5-e610-4e6d-b9ad-d86da0dfd818,2026-09-24T22:54:39.650051+00:00,kernelshap,serial,LogisticRegression,15,1,1,100,25,1,15.661124799982645,5.5239417500865806e-05,198.8619030031169,,True,,"(100, 15, 2)",True,3.6683980506047043e-16,,,,,,,,,,,0,True,1,Titiksha,8,42,0.52.0,3.3.1
f7d10eff-0c02-46d6-8561-23d88763d74b,2026-09-24T22:54:55.523588+00:00,kernelshap,multiprocessing,LogisticRegression,15,1,1,100,25,1,23.945283000008203,8.356590611154069e-05,300.8372620015465,,True,,"(100, 15, 2)",True,2.7842311789427754e-16,,,,,,,,,,,0,True,1,Titiksha,8,42,0.52.0,3.3.1
438c6081-eeef-4266-b0d3-6a219e4aece2,2026-09-24T22:55:19.676817+00:00,kernelshap,multiprocessing,LogisticRegression,15,2,2,100,25,1,19.816966200014576,6.983262861114115e-05,251.39746300010813,,True,,"(100, 15, 2)",True,2.7755575615628914e-16,,,,,,,,,,,0,True,1,Titiksha,8,42,0.52.0,3.3.1
8eb537e0-da3e-4b12-b7af-e8039e5d1bbe,2026-09-24T22:55:39.789429+00:00,kernelshap,multiprocessing,LogisticRegression,15,4,4,100,25,1,16.14790979999816,5.9285358333341365e-05,213.4272900000289,,True,,"(100, 15, 2)",True,2.7755575615628914e-16,,,,,,,,,,,0,True,1,Titiksha,8,42,0.52.0,3.3.1
46520833-5abe-45e1-8756-22b35183af7a,2026-09-24T22:55:56.170718+00:00,kernelshap,multiprocessing,LogisticRegression,15,8,8,100,25,1,17.274292799993418,7.196629194479442e-05,259.0786510012599,,True,,"(100, 15, 2)",True,2.7755575615628914e-16,,,,,,,,,,,0,True,1,Titiksha,8,42,0.52.0,3.3.1
0b2023be-d9a3-42f8-82a2-4a7b58ab8bc9,2026-09-24T22:56:13.773014+00:00,kernelshap,threading,LogisticRegression,15,1,1,100,25,1,15.370090800046455,5.434949861130023e-05,195.65819500068082,,True,,"(100, 15, 2)",True,3.369192132316595e-16,,,,,,,,,,,0,True,1,Titiksha,8,42,0.52.0,3.3.1
4c24507e-8b26-44a4-a9f6-9991d68af3c2,2026-09-24T22:56:29.342748+00:00,kernelshap,threading,LogisticRegression,15,2,2,100,25,1,28.037670300051104,9.785003861169372e-05,352.2601390020974,,True,,"(100, 15, 2)",True,3.832586917100478e-16,,,,,,,,,,,0,True,1,Titiksha,8,42,0.52.0,3.3.1
55c1ab0b-0730-4499-8726-f71c84f9c4f1,2026-09-24T22:56:57.597681+00:00,kernelshap,threading,LogisticRegression,15,4,4,100,25,1,37.48194999998668,0.00013188317361172153,474.7794250021975,,True,,"(100, 15, 2)",True,2.7755575615628914e-16,,,,,,,,,,,0,True,1,Titiksha,8,42,0.52.0,3.3.1
28a13e13-7573-4a6d-a684-49ce53fc5c0f,2026-09-24T22:57:35.295628+00:00,kernelshap,threading,LogisticRegression,15,8,8,100,25,1,38.484432900033426,0.0001356296483331909,488.26673399948726,,True,,"(100, 15, 2)",True,3.383431814951124e-16,,,,,,,,,,,0,True,1,Titiksha,8,42,0.52.0,3.3.1
d849a433-5e5a-4758-b659-18bfa381a5fd,2026-09-24T22:58:14.017557+00:00,kernelshap,joblib,LogisticRegression,15,1,1,100,25,1,15.163587200047914,5.3160749722433454e-05,191.37869900076043,,True,,"(100, 15, 2)",True,2.7755575615628914e-16,,,,,,,,,,,0,True,1,Titiksha,8,42,0.52.0,3.3.1
3f4f383e-f6fe-4e06-8e0c-d48153d03725,2026-09-24T22:58:29.417436+00:00,kernelshap,joblib,LogisticRegression,15,2,2,100,25,1,18.871960199961904,6.645853277791047e-05,239.2507180004777,,True,,"(100, 15, 2)",True,2.7755575615628914e-16,,,,,,,,,,,0,True,1,Titiksha,8,42,0.52.0,3.3.1
ca0ea52a-8e5a-4788-9bd0-34b7fdb91e0a,2026-09-24T22:58:48.507546+00:00,kernelshap,joblib,LogisticRegression,15,4,4,100,25,1,15.828158799966332,5.8163790555496024e-05,209.3896459997857,,True,,"(100, 15, 2)",True,2.7755575615628914e-16,,,,,,,,,,,0,True,1,Titiksha,8,42,0.52.0,3.3.1
7a17382d-eece-40ec-950d-a47150caad72,2026-09-24T22:59:04.559171+00:00,kernelshap,joblib,LogisticRegression,15,8,8,100,25,1,16.75194049999118,7.005203555512929e-05,252.18732799846543,,True,,"(100, 15, 2)",True,3.703634621210483e-16,,,,,,,,,,,0,True,1,Titiksha,8,42,0.52.0,3.3.1
0f50d3d7-54e5-4def-8d07-21763a0f1b56,2026-09-24T22:59:21.630289+00:00,kernelshap,ray,LogisticRegression,15,1,1,100,25,1,33.6189484000206,0.00011916855416635452,429.0067949988763,,True,,"(100, 15, 2)",True,3.2924509472953556e-16,,,,,,,,,,,0,True,1,Titiksha,8,42,0.52.0,3.3.1
651e3259-9d2e-497c-96db-5aca0c3111ee,2026-09-24T22:59:55.553723+00:00,kernelshap,ray,LogisticRegression,15,2,2,100,25,1,28.92612580000423,0.0001036946372228037,373.30069400209334,,True,,"(100, 15, 2)",True,2.7755575615628914e-16,,,,,,,,,,,0,True,1,Titiksha,8,42,0.52.0,3.3.1
973dc626-a123-4730-b629-420610d065e4,2026-09-24T23:00:24.790666+00:00,kernelshap,ray,LogisticRegression,15,4,4,100,25,1,25.8992366999737,9.403598249939359e-05,338.52953699781693,,True,,"(100, 15, 2)",True,2.7755575615628914e-16,,,,,,,,,,,0,True,1,Titiksha,8,42,0.52.0,3.3.1
9ee7caa6-f001-4c9b-a1ef-08399d8e93a6,2026-09-24T23:00:51.000989+00:00,kernelshap,ray,LogisticRegression,15,8,8,100,25,1,27.017982199962717,0.00011009206888933087,396.3314480015911,,True,,"(100, 15, 2)",True,2.7755575615628914e-16,,,,,,,,,,,0,True,1,Titiksha,8,42,0.52.0,3.3.1
2d6a101a-f818-41f1-a4a8-1c4392a9c924,2026-09-24T23:01:18.360404+00:00,kernelshap,serial,LogisticRegression,30,1,1,100,25,1,20.854294600023422,7.391240833362622e-05,266.0846700010544,,True,,"(100, 30, 2)",True,3.3306690738754696e-16,,,,,,,,,,,0,True,1,Titiksha,8,42,0.52.0,3.3.1
00cfd911-aca2-49ce-9160-beae95919c4a,2026-09-24T23:01:39.449389+00:00,kernelshap,multiprocessing,LogisticRegression,30,1,1,100,25,1,28.913002700021025,0.00010128816777754679,364.63740399916844,,True,,"(100, 30, 2)",True,4.440892098500626e-16,,,,,,,,,,,0,True,1,Titiksha,8,42,0.52.0,3.3.1
8d3cf4be-338d-4529-84b2-275cef764e8f,2026-09-24T23:02:08.563839+00:00,kernelshap,multiprocessing,LogisticRegression,30,2,2,100,25,1,23.13426459999755,8.20471094443026e-05,295.3695939994894,,True,,"(100, 30, 2)",True,3.885780586188048e-16,,,,,,,,,,,0,True,1,Titiksha,8,42,0.52.0,3.3.1
6b770c56-aaca-4844-bede-d41f1a4dbf8e,2026-09-24T23:02:31.902656+00:00,kernelshap,multiprocessing,LogisticRegression,30,4,4,100,25,1,17.665084999985993,6.418917833367344e-05,231.08104200122438,,True,,"(100, 30, 2)",True,4.440892098500626e-16,,,,,,,,,,,0,True,1,Titiksha,8,42,0.52.0,3.3.1
e0468a5c-926f-41b8-ac8e-e428f6b18aa8,2026-09-24T23:02:49.789951+00:00,kernelshap,multiprocessing,LogisticRegression,30,8,8,100,25,1,17.970080300001428,7.566182805575361e-05,272.382581000713,,True,,"(100, 30, 2)",True,3.885780586188048e-16,,,,,,,,,,,0,True,1,Titiksha,8,42,0.52.0,3.3.1
ba95ced1-e590-4ce9-a3d1-d1c7292139bb,2026-09-24T23:03:08.050969+00:00,kernelshap,threading,LogisticRegression,30,1,1,100,25,1,20.633111399947666,7.285475000019803e-05,262.2771000007129,,True,,"(100, 30, 2)",True,4.440892098500626e-16,,,,,,,,,,,0,True,1,Titiksha,8,42,0.52.0,3.3.1
4e80d389-949b-40b6-8520-ba2d5b9acf2e,2026-09-24T23:03:28.891143+00:00,kernelshap,threading,LogisticRegression,30,2,2,100,25,1,32.911639099998865,0.00011555013555533679,415.9804879992124,,True,,"(100, 30, 2)",True,3.3306690738754696e-16,,,,,,,,,,,0,True,1,Titiksha,8,42,0.52.0,3.3.1
9a19816e-66f1-4bc0-baf6-4d2d97f1f46d,2026-09-24T23:04:02.021640+00:00,kernelshap,threading,LogisticRegression,30,4,4,100,25,1,42.985719899996184,0.00015246692194401112,548.88091899844,,True,,"(100, 30, 2)",True,4.440892098500626e-16,,,,,,,,,,,0,True,1,Titiksha,8,42,0.52.0,3.3.1
20ffe642-ef50-46d1-8f3e-db9e5e35d9fb,2026-09-24T23:04:45.222276+00:00,kernelshap,threading,LogisticRegression,30,8,8,100,25,1,43.2236481999862,0.00015260078499966523,549.3628259987948,,True,,"(100, 30, 2)",True,4.440892098500626e-16,,,,,,,,,,,0,True,1,Titiksha,8,42,0.52.0,3.3.1
40a4de8a-5d0d-414a-9e1e-254f2444f5c5,2026-09-24T23:05:28.740163+00:00,kernelshap,joblib,LogisticRegression,30,1,1,100,25,1,20.451471899985336,7.13378480560467e-05,256.81625300176813,,True,,"(100, 30, 2)",True,4.440892098500626e-16,,,,,,,,,,,0,True,1,Titiksha,8,42,0.52.0,3.3.1
11eaffd8-a2e9-49d2-b0ae-e203ec71b3fb,2026-09-24T23:05:49.404242+00:00,kernelshap,joblib,LogisticRegression,30,2,2,100,25,1,22.08179949998157,7.819302583381149e-05,281.4948930017214,,True,,"(100, 30, 2)",True,4.440892098500626e-16,,,,,,,,,,,0,True,1,Titiksha,8,42,0.52.0,3.3.1
f5cb1ec5-cd06-4e8e-9bde-f9ebe1ff0e50,2026-09-24T23:06:11.708795+00:00,kernelshap,joblib,LogisticRegression,30,4,4,100,25,1,17.25558659998933,6.337665833304473e-05,228.15596999896104,,True,,"(100, 30, 2)",True,3.3306690738754696e-16,,,,,,,,,,,0,True,1,Titiksha,8,42,0.52.0,3.3.1
6ba4b586-e008-4a36-88c6-46d6b2bccff5,2026-09-24T23:06:29.242023+00:00,kernelshap,joblib,LogisticRegression,30,8,8,100,25,1,17.64874350000173,7.349122888851423e-05,264.5684239986512,,True,,"(100, 30, 2)",True,3.3306690738754696e-16,,,,,,,,,,,0,True,1,Titiksha,8,42,0.52.0,3.3.1
3cde2525-a865-4808-aa34-a5980190876a,2026-09-24T23:06:47.187620+00:00,kernelshap,ray,LogisticRegression,30,1,1,100,25,1,21.626343699987046,8.42741052784618e-05,303.38677900246245,,True,,"(100, 30, 2)",True,3.3306690738754696e-16,,,,,,,,,,,0,True,1,Titiksha,8,42,0.52.0,3.3.1
6fd938d7-e578-43ab-ba63-706d03d57859,2026-09-24T23:07:09.121855+00:00,kernelshap,ray,LogisticRegression,30,2,2,100,25,1,11.492408899997827,6.529034194531491e-05,235.0452310031337,,True,,"(100, 30, 2)",True,4.440892098500626e-16,,,,,,,,,,,0,True,1,Titiksha,8,42,0.52.0,3.3.1
209e5d9a-c720-408f-9fa3-8d505f910288,2026-09-24T23:07:20.756802+00:00,kernelshap,ray,LogisticRegression,30,4,4,100,25,1,10.562521999992896,7.314421833375107e-05,263.31918600150385,,True,,"(100, 30, 2)",True,3.3306690738754696e-16,,,,,,,,,,,0,True,1,Titiksha,8,42,0.52.0,3.3.1
ac5a74d4-743f-468f-9053-012217981fa3,2026-09-24T23:07:31.467890+00:00,kernelshap,ray,LogisticRegression,30,8,8,100,25,1,12.451180100033525,8.56101291672462e-05,308.1964650020863,,True,,"(100, 30, 2)",True,4.440892098500626e-16,,,,,,,,,,,0,True,1,Titiksha,8,42,0.52.0,3.3.1
2fb27714-ebdf-422a-a18f-0eaafaeb5ef8,2026-09-24T23:07:44.921961+00:00,kernelshap,serial,SVM-RBF,15,1,1,100,50,1,86.70304160000524,0.000559460833055539,2014.0589989999403,,True,,"(100, 15, 2)",True,4.176346768414163e-16,,,,,,,,,,,0,True,1,Titiksha,8,42,0.52.0,3.3.1
5392aa0b-e7da-4e98-8969-d978cf60ebfe,2026-09-24T23:09:11.750595+00:00,kernelshap,multiprocessing,SVM-RBF,15,1,1,100,50,1,85.19605079997564,0.0005494296083336375,1977.946590001095,,True,,"(100, 15, 2)",True,4.675079767757495e-16,,,,,,,,,,,0,True,1,Titiksha,8,42,0.52.0,3.3.1
dff04ee7-a562-42e4-a0c9-87666e3eabf8,2026-09-24T23:10:37.029482+00:00,kernelshap,multiprocessing,SVM-RBF,15,2,2,100,50,1,47.24517950002337,0.00038407995083315766,1382.6878229993677,,True,,"(100, 15, 2)",True,3.8077180297690916e-16,,,,,,,,,,,0,True,1,Titiksha,8,42,0.52.0,3.3.1
b22b57a6-e6f0-455e-83dc-0985e887a7c2,2026-09-24T23:11:24.357604+00:00,kernelshap,multiprocessing,SVM-RBF,15,4,4,100,50,1,35.63568350003334,0.0002884197880554801,1038.3112369997282,,True,,"(100, 15, 2)",True,3.677613769070831e-16,,,,,,,,,,,0,True,1,Titiksha,8,42,0.52.0,3.3.1
bbfaaa9c-d4ac-4941-a44a-0ee9710a60f0,2026-09-24T23:12:00.076737+00:00,kernelshap,multiprocessing,SVM-RBF,15,8,8,100,50,1,36.582000599999446,0.0002743908416665275,987.807029999499,,True,,"(100, 15, 2)",True,4.458239333260394e-16,,,,,,,,,,,0,True,1,Titiksha,8,42,0.52.0,3.3.1
3c65a10d-2749-4d6e-b7d5-70297686dbf6,2026-09-24T23:12:36.747476+00:00,kernelshap,threading,SVM-RBF,15,1,1,100,50,1,82.05950189998839,0.0004929749586105453,1774.709850997963,,True,,"(100, 15, 2)",True,3.8077180297690916e-16,,,,,,,,,,,0,True,1,Titiksha,8,42,0.52.0,3.3.1
d3ade5f9-0d13-4adb-8d5d-077934ca3a95,2026-09-24T23:13:58.892901+00:00,kernelshap,threading,SVM-RBF,15,2,2,100,50,1,48.91943660000106,0.00035880048666710185,1291.6817520015666,,True,,"(100, 15, 2)",True,3.608224830031759e-16,,,,,,,,,,,0,True,1,Titiksha,8,42,0.52.0,3.3.1
40e82270-6962-4350-9fdf-adad14993894,2026-09-24T23:14:47.929338+00:00,kernelshap,threading,SVM-RBF,15,4,4,100,50,1,37.80562290002126,0.00025199434833349244,907.1796540005728,,True,,"(100, 15, 2)",True,4.176346768414163e-16,,,,,,,,,,,0,True,1,Titiksha,8,42,0.52.0,3.3.1
6cbc267d-6ea1-472b-9f05-c0a51b868f8e,2026-09-24T23:15:25.819388+00:00,kernelshap,threading,SVM-RBF,15,8,8,100,50,1,39.646825000003446,0.00025796925777712976,928.6893279976671,,True,,"(100, 15, 2)",True,4.917941054394248e-16,,,,,,,,,,,0,True,1,Titiksha,8,42,0.52.0,3.3.1
e57169d4-63a8-4148-a384-c20939ed79ef,2026-09-24T23:16:05.546563+00:00,kernelshap,joblib,SVM-RBF,15,1,1,100,50,1,83.63091130001703,0.0005210305447225505,1875.709961001182,,True,,"(100, 15, 2)",True,3.8077180297690916e-16,,,,,,,,,,,0,True,1,Titiksha,8,42,0.52.0,3.3.1
2e3b1c42-1026-4a46-b545-3db61e08daa2,2026-09-24T23:17:29.257825+00:00,kernelshap,joblib,SVM-RBF,15,2,2,100,50,1,55.69698990002507,0.00034007090027772524,1224.255240999811,,True,,"(100, 15, 2)",True,3.616898447411643e-16,,,,,,,,,,,0,True,1,Titiksha,8,42,0.52.0,3.3.1
f93cf22d-bff6-4c96-9a19-fb6e7b1a1749,2026-09-24T23:18:25.034457+00:00,kernelshap,joblib,SVM-RBF,15,4,4,100,50,1,43.36322419997305,0.000270047458055131,972.1708489984715,,True,,"(100, 15, 2)",True,3.677613769070831e-16,,,,,,,,,,,0,True,1,Titiksha,8,42,0.52.0,3.3.1
25757197-3469-4019-b338-3c81ca7cc205,2026-09-24T23:19:08.486753+00:00,kernelshap,joblib,SVM-RBF,15,8,8,100,50,1,41.210040700039826,0.00026683629416704435,960.6106590013596,,True,,"(100, 15, 2)",True,3.8077180297690916e-16,,,,,,,,,,,0,True,1,Titiksha,8,42,0.52.0,3.3.1
5c6e8fc7-b40e-44fc-b75f-8852b51032b8,2026-09-24T23:19:49.785963+00:00,kernelshap,ray,SVM-RBF,15,1,1,100,50,1,87.82327529997565,0.0005655225313883627,2035.881112998106,,True,,"(100, 15, 2)",True,4.675079767757495e-16,,,,,,,,,,,0,True,1,Titiksha,8,42,0.52.0,3.3.1
f678edfb-318d-434a-a690-1f67d9e076b7,2026-09-24T23:21:17.739285+00:00,kernelshap,ray,SVM-RBF,15,2,2,100,50,1,58.7117869000067,0.0003817047094447634,1374.1369540011483,,True,,"(100, 15, 2)",True,3.885780586188048e-16,,,,,,,,,,,0,True,1,Titiksha,8,42,0.52.0,3.3.1
53791dd3-11f2-4208-9551-1993b482b602,2026-09-24T23:22:16.556448+00:00,kernelshap,ray,SVM-RBF,15,4,4,100,50,1,46.84816430002684,0.0003052943636108474,1099.0597089990506,,True,,"(100, 15, 2)",True,3.7990444123892075e-16,,,,,,,,,,,0,True,1,Titiksha,8,42,0.52.0,3.3.1
79514a64-cbe7-4af3-8f03-031a8df5264a,2026-09-24T23:23:03.528948+00:00,kernelshap,ray,SVM-RBF,15,8,8,100,50,1,51.42168759997003,0.0003248624133332101,1169.5046879995564,,True,,"(100, 15, 2)",True,4.917941054394248e-16,,,,,,,,,,,0,True,1,Titiksha,8,42,0.52.0,3.3.1
acf829ef-706f-4366-b79a-dd92c5b50b0f,2026-09-24T23:23:55.063931+00:00,kernelshap,serial,SVM-RBF,30,1,1,100,50,1,110.0535958999535,0.0006905614377773345,2486.021175998404,,True,,"(100, 30, 2)",True,3.300040362502754e-16,,,,,,,,,,,0,True,1,Titiksha,8,42,0.52.0,3.3.1
037ccf26-428d-4151-9c33-38f8228b8f93,2026-09-24T23:25:45.216792+00:00,kernelshap,multiprocessing,SVM-RBF,30,1,1,100,50,1,104.84913400001824,0.0006983676133330008,2514.123407998803,,True,,"(100, 30, 2)",True,2.695326600798964e-16,,,,,,,,,,,0,True,1,Titiksha,8,42,0.52.0,3.3.1
281ba7e6-26d9-47aa-a2c5-915a3b76bf89,2026-09-24T23:27:30.146217+00:00,kernelshap,multiprocessing,SVM-RBF,30,2,2,100,50,1,65.44886490004137,0.0004456029316668997,1604.1705540008388,,True,,"(100, 30, 2)",True,3.7448343037649323e-16,,,,,,,,,,,0,True,1,Titiksha,8,42,0.52.0,3.3.1
d9744a4a-6d6d-4fc4-899b-f9e0425ff29a,2026-09-24T23:28:35.709981+00:00,kernelshap,multiprocessing,SVM-RBF,30,4,4,100,50,1,52.01301449997118,0.0003341501558332127,1202.9405609995658,,True,,"(100, 30, 2)",True,2.918672248330978e-16,,,,,,,,,,,0,True,1,Titiksha,8,42,0.52.0,3.3.1
d54a55b4-e6c3-45b0-94a0-fe76c3d6953a,2026-09-24T23:29:27.818664+00:00,kernelshap,multiprocessing,SVM-RBF,30,8,8,100,50,1,55.26947270001983,0.00034371998361118483,1237.3919410002654,,True,,"(100, 30, 2)",True,3.065039541616521e-16,,,,,,,,,,,0,True,1,Titiksha,8,42,0.52.0,3.3.1
31e451a3-0430-4444-88fd-16c1517502d9,2026-09-24T23:30:23.179629+00:00,kernelshap,threading,SVM-RBF,30,1,1,100,50,1,105.87918709998485,0.0006633413541666384,2388.028874999898,,True,,"(100, 30, 2)",True,3.3306690738754696e-16,,,,,,,,,,,0,True,1,Titiksha,8,42,0.52.0,3.3.1
67a5c2b4-89e6-4a6b-91e8-0aa924b85bf4,2026-09-24T23:32:09.164307+00:00,kernelshap,threading,SVM-RBF,30,2,2,100,50,1,66.13120629999321,0.0004405756377781067,1586.0722960011842,,True,,"(100, 30, 2)",True,2.7755575615628914e-16,,,,,,,,,,,0,True,1,Titiksha,8,42,0.52.0,3.3.1
815eed1a-7b09-4750-a698-1aa43a45d988,2026-09-24T23:33:15.411249+00:00,kernelshap,threading,SVM-RBF,30,4,4,100,50,1,46.11135940003442,0.00031925404083309183,1149.3145469991307,,True,,"(100, 30, 2)",True,2.766206317825204e-16,,,,,,,,,,,0,True,1,Titiksha,8,42,0.52.0,3.3.1
b08d6769-b3e4-430c-b5e5-d30589d3c8d6,2026-09-24T23:34:01.601165+00:00,kernelshap,threading,SVM-RBF,30,8,8,100,50,1,47.62309259996982,0.0003232523838889584,1163.70858200025,,True,,"(100, 30, 2)",True,3.3306690738754696e-16,,,,,,,,,,,0,True,1,Titiksha,8,42,0.52.0,3.3.1
cb2d7714-f344-4174-b0d3-b0c9f8e86b0b,2026-09-24T23:34:49.301264+00:00,kernelshap,joblib,SVM-RBF,30,1,1,100,50,1,104.94491530000232,0.0006757253369446409,2432.6112130007073,,True,,"(100, 30, 2)",True,2.695326600798964e-16,,,,,,,,,,,0,True,1,Titiksha,8,42,0.52.0,3.3.1
323745fa-d8e5-4c2b-8be0-1856bc341dce,2026-09-24T23:36:34.327618+00:00,kernelshap,joblib,SVM-RBF,30,2,2,100,50,1,71.86760349996621,0.00044588125972146175,1605.1725349972623,,True,,"(100, 30, 2)",True,3.3306690738754696e-16,,,,,,,,,,,0,True,1,Titiksha,8,42,0.52.0,3.3.1
fb5c3b3a-4ff4-404a-973b-3f4922b50b7b,2026-09-24T23:37:46.275782+00:00,kernelshap,joblib,SVM-RBF,30,4,4,100,50,1,52.92695509997429,0.00034397002555489053,1238.292091997606,,True,,"(100, 30, 2)",True,3.205443722953394e-16,,,,,,,,,,,0,True,1,Titiksha,8,42,0.52.0,3.3.1
6e8bb9b9-9290-4c7d-b9d4-2add70a7b4b5,2026-09-24T23:38:39.294326+00:00,kernelshap,joblib,SVM-RBF,30,8,8,100,50,1,48.44363080000039,0.0003265789736116715,1175.6843050020173,,True,,"(100, 30, 2)",True,2.7755575615628914e-16,,,,,,,,,,,0,True,1,Titiksha,8,42,0.52.0,3.3.1
558e469b-1cb9-4c46-b3f8-de754829cd7d,2026-09-24T23:39:27.836286+00:00,kernelshap,ray,SVM-RBF,30,1,1,100,50,1,92.18556769995485,0.0006023787058330315,2168.5633409989136,,True,,"(100, 30, 2)",True,3.478120569333498e-16,,,,,,,,,,,0,True,1,Titiksha,8,42,0.52.0,3.3.1
d14e6266-414f-4d27-9261-fe2bce668787,2026-09-24T23:41:00.145561+00:00,kernelshap,ray,SVM-RBF,30,2,2,100,50,1,63.66924640000798,0.00040157110361092874,1445.6559729993435,,True,,"(100, 30, 2)",True,2.7755575615628914e-16,,,,,,,,,,,0,True,1,Titiksha,8,42,0.52.0,3.3.1
0d76bcbf-11c5-4a6d-8d2e-218a781e6cb0,2026-09-24T23:42:03.924605+00:00,kernelshap,ray,SVM-RBF,30,4,4,100,50,1,46.00982500001555,0.00030175281249972263,1086.3101249990016,,True,,"(100, 30, 2)",True,3.2547749218014843e-16,,,,,,,,,,,0,True,1,Titiksha,8,42,0.52.0,3.3.1
f3fd890a-6b66-4d0e-86e9-1b634abf3869,2026-09-24T23:42:50.052246+00:00,kernelshap,ray,SVM-RBF,30,8,8,100,50,1,55.77255869994406,0.00036810305388870757,1325.1709939993473,,True,,"(100, 30, 2)",True,2.7755575615628914e-16,,,,,,,,,,,0,True,1,Titiksha,8,42,0.52.0,3.3.1
f0f6282a-4b32-4105-aa0c-0434d1c1eaca,2026-09-24T23:43:45.972466+00:00,kernelshap,serial,LogisticRegression,15,1,1,100,50,1,4.9700889000087045,3.312314500016067e-05,119.24332200057842,,True,,"(100, 15, 2)",True,4.440892098500626e-16,,,,,,,,,,,0,True,1,Titiksha,8,42,0.52.0,3.3.1
5ceac5cd-f15f-48c1-bba9-bde059dd6fe2,2026-09-24T23:43:51.031719+00:00,kernelshap,multiprocessing,LogisticRegression,15,1,1,100,50,1,7.2376025000121444,4.865169638948452e-05,175.14610700214428,,True,,"(100, 15, 2)",True,4.440892098500626e-16,,,,,,,,,,,0,True,1,Titiksha,8,42,0.52.0,3.3.1
b75ffd38-87df-4814-a269-db7f15875452,2026-09-24T23:43:58.350688+00:00,kernelshap,multiprocessing,LogisticRegression,15,2,2,100,50,1,6.0488777999999,3.960090749997869e-05,142.5632669999233,,True,,"(100, 15, 2)",True,4.440892098500626e-16,,,,,,,,,,,0,True,1,Titiksha,8,42,0.52.0,3.3.1
3ef00ec8-551e-4a2f-a609-505321df3f38,2026-09-24T23:44:04.474605+00:00,kernelshap,multiprocessing,LogisticRegression,15,4,4,100,50,1,6.77522680000402,4.493249944433064e-05,161.7569979995903,,True,,"(100, 15, 2)",True,4.440892098500626e-16,,,,,,,,,,,0,True,1,Titiksha,8,42,0.52.0,3.3.1
46a366b7-e6e7-4707-9030-a73ca9b324ce,2026-09-24T23:44:11.332476+00:00,kernelshap,multiprocessing,LogisticRegression,15,8,8,100,50,1,9.296716400014702,6.080863833403394e-05,218.91109800252218,,True,,"(100, 15, 2)",True,4.440892098500626e-16,,,,,,,,,,,0,True,1,Titiksha,8,42,0.52.0,3.3.1
cda6ea83-c46e-4a30-a4bd-87ef9de9a81d,2026-09-24T23:44:20.719705+00:00,kernelshap,threading,LogisticRegression,15,1,1,100,50,1,5.075826199958101,3.237850805574982e-05,116.56262900069936,,True,,"(100, 15, 2)",True,4.440892098500626e-16,,,,,,,,,,,0,True,1,Titiksha,8,42,0.52.0,3.3.1
c9a02874-abf0-4e62-8e89-1d07d0fe3aef,2026-09-24T23:44:25.883907+00:00,kernelshap,threading,LogisticRegression,15,2,2,100,50,1,6.852103499986697,4.559112249986897e-05,164.12804099952828,,True,,"(100, 15, 2)",True,4.440892098500626e-16,,,,,,,,,,,0,True,1,Titiksha,8,42,0.52.0,3.3.1
25e24e71-980e-46c8-878e-f44c5db2fa55,2026-09-24T23:44:32.812600+00:00,kernelshap,threading,LogisticRegression,15,4,4,100,50,1,10.10575460002292,6.440741166610642e-05,231.8666819979831,,True,,"(100, 15, 2)",True,4.440892098500626e-16,,,,,,,,,,,0,True,1,Titiksha,8,42,0.52.0,3.3.1
b0dca44f-7ee0-4df9-ba1a-85ce1b5a1e28,2026-09-24T23:44:42.999405+00:00,kernelshap,threading,LogisticRegression,15,8,8,100,50,1,11.271729800035246,7.176887472194748e-05,258.36794899901093,,True,,"(100, 15, 2)",True,4.440892098500626e-16,,,,,,,,,,,0,True,1,Titiksha,8,42,0.52.0,3.3.1
58f301f8-4302-4a6e-ab7a-9340e7c84289,2026-09-24T23:44:54.355131+00:00,kernelshap,joblib,LogisticRegression,15,1,1,100,50,1,4.983429300016724,3.16897066672539e-05,114.08294400211405,,True,,"(100, 15, 2)",True,4.440892098500626e-16,,,,,,,,,,,0,True,1,Titiksha,8,42,0.52.0,3.3.1
baba8593-18be-486c-bfd5-4eaa6e5d6608,2026-09-24T23:44:59.430782+00:00,kernelshap,joblib,LogisticRegression,15,2,2,100,50,1,5.956821399973705,3.768079138938285e-05,135.65084900177825,,True,,"(100, 15, 2)",True,4.440892098500626e-16,,,,,,,,,,,0,True,1,Titiksha,8,42,0.52.0,3.3.1
755c9faf-6104-4199-a993-f1aca9e7b8e3,2026-09-24T23:45:05.466375+00:00,kernelshap,joblib,LogisticRegression,15,4,4,100,50,1,6.940357299987227,4.2986125277283405e-05,154.75005099822025,,True,,"(100, 15, 2)",True,4.440892098500626e-16,,,,,,,,,,,0,True,1,Titiksha,8,42,0.52.0,3.3.1
ac4bdd38-e4ec-48be-a35b-cd9560f9c428,2026-09-24T23:45:12.550633+00:00,kernelshap,joblib,LogisticRegression,15,8,8,100,50,1,9.577120600035414,6.011816194431696e-05,216.42538299954106,,True,,"(100, 15, 2)",True,4.440892098500626e-16,,,,,,,,,,,0,True,1,Titiksha,8,42,0.52.0,3.3.1
a57d8ce3-b82c-4207-accc-3a6168538fd3,2026-09-24T23:45:22.252963+00:00,kernelshap,ray,LogisticRegression,15,1,1,100,50,1,11.107555499998853,6.950719249983195e-05,250.22589299939503,,True,,"(100, 15, 2)",True,4.440892098500626e-16,,,,,,,,,,,0,True,1,Titiksha,8,42,0.52.0,3.3.1
b0f07028-e7cf-482d-be10-658d895fe47a,2026-09-24T23:45:33.529957+00:00,kernelshap,ray,LogisticRegression,15,2,2,100,50,1,10.192768700013403,6.256391499999403e-05,225.23009399997852,,True,,"(100, 15, 2)",True,4.440892098500626e-16,,,,,,,,,,,0,True,1,Titiksha,8,42,0.52.0,3.3.1
ee418483-4bfd-4822-9fd3-0d4a3a3a5e61,2026-09-24T23:45:43.839826+00:00,kernelshap,ray,LogisticRegression,15,4,4,100,50,1,10.87698719999753,6.630819638896168e-05,238.70950700026205,,True,,"(100, 15, 2)",True,4.440892098500626e-16,,,,,,,,,,,0,True,1,Titiksha,8,42,0.52.0,3.3.1
2621e14a-e511-4ba1-a101-7898f8617cf3,2026-09-24T23:45:55.377480+00:00,kernelshap,ray,LogisticRegression,15,8,8,100,50,1,13.718853399972431,8.41818266668487e-05,303.05457600065535,,True,,"(100, 15, 2)",True,4.440892098500626e-16,,,,,,,,,,,0,True,1,Titiksha,8,42,0.52.0,3.3.1
b4fa9d38-0135-4d81-9722-e2ae441c732d,2026-09-24T23:46:09.230569+00:00,kernelshap,serial,LogisticRegression,30,1,1,100,50,1,6.651065799989738,4.0264956111341066e-05,144.95384200082785,,True,,"(100, 30, 2)",True,4.440892098500626e-16,,,,,,,,,,,0,True,1,Titiksha,8,42,0.52.0,3.3.1
5832c2a7-469a-4fdf-9daa-cf3d3c4a60d7,2026-09-24T23:46:15.977467+00:00,kernelshap,multiprocessing,LogisticRegression,30,1,1,100,50,1,8.769547600008082,5.4591277499169144e-05,196.5285989970089,,True,,"(100, 30, 2)",True,4.440892098500626e-16,,,,,,,,,,,0,True,1,Titiksha,8,42,0.52.0,3.3.1
c92dd0f0-ecb6-4cb1-8b1e-2d78c53ed461,2026-09-24T23:46:24.854975+00:00,kernelshap,multiprocessing,LogisticRegression,30,2,2,100,50,1,7.298742200015113,4.572417555570584e-05,164.60703200054104,,True,,"(100, 30, 2)",True,3.885780586188048e-16,,,,,,,,,,,0,True,1,Titiksha,8,42,0.52.0,3.3.1
f7c5011c-ff3d-4393-8539-fdc416a55207,2026-09-24T23:46:32.231386+00:00,kernelshap,multiprocessing,LogisticRegression,30,4,4,100,50,1,7.942950299999211,4.8849836110989586e-05,175.8594099995625,,True,,"(100, 30, 2)",True,4.440892098500626e-16,,,,,,,,,,,0,True,1,Titiksha,8,42,0.52.0,3.3.1
dcfbec8c-2f71-4dac-b4b9-65f4dc355ca2,2026-09-24T23:46:40.258602+00:00,kernelshap,multiprocessing,LogisticRegression,30,8,8,100,50,1,11.20979479997186,6.911441055587608e-05,248.8118780011539,,True,,"(100, 30, 2)",True,4.440892098500626e-16,,,,,,,,,,,0,True,1,Titiksha,8,42,0.52.0,3.3.1
d1c36677-6c46-4ba7-8e7c-de0f4ec0210b,2026-09-24T23:46:51.566151+00:00,kernelshap,threading,LogisticRegression,30,1,1,100,50,1,6.976528899976984,4.160100805492006e-05,149.76362899771223,,True,,"(100, 30, 2)",True,4.440892098500626e-16,,,,,,,,,,,0,True,1,Titiksha,8,42,0.52.0,3.3.1
964d31bb-a9e8-4848-820e-d4403ecf0143,2026-09-24T23:46:58.648245+00:00,kernelshap,threading,LogisticRegression,30,2,2,100,50,1,8.826200600015,5.536822250010176e-05,199.32560100036633,,True,,"(100, 30, 2)",True,3.885780586188048e-16,,,,,,,,,,,0,True,1,Titiksha,8,42,0.52.0,3.3.1
e10aef86-4162-4ba9-98ed-ecf0a8b9ea0c,2026-09-24T23:47:07.552256+00:00,kernelshap,threading,LogisticRegression,30,4,4,100,50,1,11.463080799963791,7.065040972240033e-05,254.3414750006412,,True,,"(100, 30, 2)",True,4.440892098500626e-16,,,,,,,,,,,0,True,1,Titiksha,8,42,0.52.0,3.3.1
99f2ce89-37bd-4d2a-928c-1a3abd82be5b,2026-09-24T23:47:19.098018+00:00,kernelshap,threading,LogisticRegression,30,8,8,100,50,1,12.694559400028083,7.976272305570964e-05,287.1458030005547,,True,,"(100, 30, 2)",True,4.440892098500626e-16,,,,,,,,,,,0,True,1,Titiksha,8,42,0.52.0,3.3.1
d394163b-e7b3-4295-9171-8fde0940591f,2026-09-24T23:47:31.875528+00:00,kernelshap,joblib,LogisticRegression,30,1,1,100,50,1,6.578970499977004,3.9381175277228286e-05,141.77223099802183,,True,,"(100, 30, 2)",True,4.996003610813204e-16,,,,,,,,,,,0,True,1,Titiksha,8,42,0.52.0,3.3.1
2b48cdae-af1e-4d66-bb8d-9c1418285394,2026-09-24T23:47:38.542872+00:00,kernelshap,joblib,LogisticRegression,30,2,2,100,50,1,8.222504400007892,5.079395444461399e-05,182.85823600061036,,True,,"(100, 30, 2)",True,4.440892098500626e-16,,,,,,,,,,,0,True,1,Titiksha,8,42,0.52.0,3.3.1
4bdd0291-1133-4c7a-a59d-612985ec32e5,2026-09-24T23:47:46.845440+00:00,kernelshap,joblib,LogisticRegression,30,4,4,100,50,1,7.944562499993481,4.814832500060762e-05,173.3339700021874,,True,,"(100, 30, 2)",True,4.440892098500626e-16,,,,,,,,,,,0,True,1,Titiksha,8,42,0.52.0,3.3.1
d5564a6a-905e-40d8-bf51-831e44b47e0c,2026-09-24T23:47:54.884889+00:00,kernelshap,joblib,LogisticRegression,30,8,8,100,50,1,10.712506000010762,6.626218055547084e-05,238.54384999969503,,True,,"(100, 30, 2)",True,3.885780586188048e-16,,,,,,,,,,,0,True,1,Titiksha,8,42,0.52.0,3.3.1
e8b5f009-c3b5-4cd0-9353-79e4de6c211b,2026-09-24T23:48:05.693109+00:00,kernelshap,ray,LogisticRegression,30,1,1,100,50,1,12.5153994000284,7.797448055543721e-05,280.70812999957394,,True,,"(100, 30, 2)",True,4.440892098500626e-16,,,,,,,,,,,0,True,1,Titiksha,8,42,0.52.0,3.3.1
ffa8b10b-5f13-441d-b736-9943d0597ace,2026-09-24T23:48:18.343996+00:00,kernelshap,ray,LogisticRegression,30,2,2,100,50,1,10.979643900005613,6.93700333332381e-05,249.73211999965716,,True,,"(100, 30, 2)",True,4.440892098500626e-16,,,,,,,,,,,0,True,1,Titiksha,8,42,0.52.0,3.3.1
47706fe6-d81a-45a1-b961-5f1d34d87965,2026-09-24T23:48:29.433701+00:00,kernelshap,ray,LogisticRegression,30,4,4,100,50,1,11.480770099966321,7.080984666646417e-05,254.915447999271,,True,,"(100, 30, 2)",True,3.885780586188048e-16,,,,,,,,,,,0,True,1,Titiksha,8,42,0.52.0,3.3.1
45e2edba-5eb8-4a7d-bb7e-138ca7b782cf,2026-09-24T23:48:41.050776+00:00,kernelshap,ray,LogisticRegression,30,8,8,100,50,1,14.916705800045747,9.184177194515586e-05,330.6303790025611,,True,,"(100, 30, 2)",True,3.885780586188048e-16,,,,,,,,,,,0,True,1,Titiksha,8,42,0.52.0,3.3.1
50f95dbd-598b-4d7c-94e0-ebed49b5876c,2026-09-24T23:48:56.092545+00:00,kernelshap,serial,SVM-RBF,15,1,1,100,100,1,169.4327697000117,0.001059473506666922,3814.104624000919,,True,,"(100, 15, 2)",True,5.93275428784068e-16,,,,,,,,,,,0,True,1,Titiksha,8,42,0.52.0,3.3.1
169399f5-69d6-423b-ba73-8d1cd91715ed,2026-09-24T23:51:45.611364+00:00,kernelshap,multiprocessing,SVM-RBF,15,1,1,100,100,1,171.7918403999647,0.0010708995133335841,3855.238248000903,,True,,"(100, 15, 2)",True,4.996003610813204e-16,,,,,,,,,,,0,True,1,Titiksha,8,42,0.52.0,3.3.1
55dd31e6-ec98-4751-8ad8-b79fa886cacf,2026-09-24T23:54:37.484735+00:00,kernelshap,multiprocessing,SVM-RBF,15,2,2,100,100,1,107.37856489996193,0.000702250958333428,2528.1034500003407,,True,,"(100, 15, 2)",True,4.996003610813204e-16,,,,,,,,,,,0,True,1,Titiksha,8,42,0.52.0,3.3.1
f81bc1ea-7851-4cf5-a560-fe0934e5c39a,2026-09-24T23:56:24.941102+00:00,kernelshap,multiprocessing,SVM-RBF,15,4,4,100,100,1,80.65210750000551,0.0004972761230555983,1790.194043000154,,True,,"(100, 15, 2)",True,5.568462357885551e-16,,,,,,,,,,,0,True,1,Titiksha,8,42,0.52.0,3.3.1
14f7ff14-cc70-48aa-bf1b-fb4fb984ced9,2026-09-24T23:57:45.703186+00:00,kernelshap,multiprocessing,SVM-RBF,15,8,8,100,100,1,77.16182310000295,0.0004944610213886147,1780.059676999013,,True,,"(100, 15, 2)",True,6.028164079019405e-16,,,,,,,,,,,0,True,1,Titiksha,8,42,0.52.0,3.3.1
25bc0b42-eb36-4504-aebb-5576218fedd0,2026-09-24T23:59:02.957578+00:00,kernelshap,threading,SVM-RBF,15,1,1,100,100,1,157.73501190001843,0.0009804758236116318,3529.712965001874,,True,,"(100, 15, 2)",True,4.954803928258755e-16,,,,,,,,,,,0,True,1,Titiksha,8,42,0.52.0,3.3.1
7baa4992-6d95-4c56-9aea-d72cba55b350,2026-09-25T00:01:40.790646+00:00,kernelshap,threading,SVM-RBF,15,2,2,100,100,1,103.17522219999228,0.0006398160938885649,2303.3379379988337,,True,,"(100, 15, 2)",True,4.917941054394248e-16,,,,,,,,,,,0,True,1,Titiksha,8,42,0.52.0,3.3.1
89536edf-84d6-4182-b796-46adba5527b2,2026-09-25T00:03:24.049798+00:00,kernelshap,threading,SVM-RBF,15,4,4,100,100,1,77.46672219998436,0.0004733961647217788,1704.2261929984038,,True,,"(100, 15, 2)",True,4.822531263215524e-16,,,,,,,,,,,0,True,1,Titiksha,8,42,0.52.0,3.3.1
76658199-9a99-412e-8f78-d7ee868738cb,2026-09-25T00:04:41.606224+00:00,kernelshap,threading,SVM-RBF,15,8,8,100,100,1,74.19401739997556,0.0004740129783329383,1706.446721998578,,True,,"(100, 15, 2)",True,5.898059818321144e-16,,,,,,,,,,,0,True,1,Titiksha,8,42,0.52.0,3.3.1
7bc2586d-e8f0-4c85-909f-dfe551a4899f,2026-09-25T00:05:55.923326+00:00,kernelshap,joblib,SVM-RBF,15,1,1,100,100,1,162.5048012000043,0.001028357853610884,3702.088272999182,,True,,"(100, 15, 2)",True,4.909267437014364e-16,,,,,,,,,,,0,True,1,Titiksha,8,42,0.52.0,3.3.1
68f53eb4-55b0-45a1-8e85-aa29a766e93b,2026-09-25T00:08:38.510516+00:00,kernelshap,joblib,SVM-RBF,15,2,2,100,100,1,111.59346999996342,0.0006875385958333841,2475.1389450001825,,True,,"(100, 15, 2)",True,4.996003610813204e-16,,,,,,,,,,,0,True,1,Titiksha,8,42,0.52.0,3.3.1
c0e4d13d-6d07-4509-9098-c9d8fad62abc,2026-09-25T00:10:30.232782+00:00,kernelshap,joblib,SVM-RBF,15,4,4,100,100,1,79.28886030003196,0.0005116610263883881,1841.979694998197,,True,,"(100, 15, 2)",True,5.793976409762536e-16,,,,,,,,,,,0,True,1,Titiksha,8,42,0.52.0,3.3.1
98fccc3d-2ac1-4b0d-b17e-8b795a580a13,2026-09-25T00:11:49.609975+00:00,kernelshap,joblib,SVM-RBF,15,8,8,100,100,1,74.23031450004783,0.00048338449166723807,1740.184170002057,,True,,"(100, 15, 2)",True,5.28656979303932e-16,,,,,,,,,,,0,True,1,Titiksha,8,42,0.52.0,3.3.1
03c65ac3-96d7-4e32-a724-9baeeaafee3b,2026-09-25T00:13:03.924362+00:00,kernelshap,ray,SVM-RBF,15,1,1,100,100,1,175.04733769997256,0.0011397051377775719,4102.9384959992585,,True,,"(100, 15, 2)",True,4.917941054394248e-16,,,,,,,,,,,0,True,1,Titiksha,8,42,0.52.0,3.3.1
1739b82d-3212-422f-a7f8-ac613e2d4d4b,2026-09-25T00:15:59.082155+00:00,kernelshap,ray,SVM-RBF,15,2,2,100,100,1,106.38181340001756,0.0007237423608338067,2605.4724990017044,,True,,"(100, 15, 2)",True,5.412337245047638e-16,,,,,,,,,,,0,True,1,Titiksha,8,42,0.52.0,3.3.1
3fd70056-9881-410e-9020-fc9a5518aad0,2026-09-25T00:17:45.573913+00:00,kernelshap,ray,SVM-RBF,15,4,4,100,100,1,80.60547169996426,0.0005205634299998985,1874.0283479996344,,True,,"(100, 15, 2)",True,5.711577044653637e-16,,,,,,,,,,,0,True,1,Titiksha,8,42,0.52.0,3.3.1
8c2d7635-2512-478f-b8f7-78c4d293ee81,2026-09-25T00:19:06.289776+00:00,kernelshap,ray,SVM-RBF,15,8,8,100,100,1,86.40508230001433,0.0005506715041665167,1982.41741499946,,True,,"(100, 15, 2)",True,4.822531263215524e-16,,,,,,,,,,,0,True,1,Titiksha,8,42,0.52.0,3.3.1
18621ede-26e9-4d8b-bdea-bd9be36ba306,2026-09-25T00:20:32.799822+00:00,kernelshap,serial,SVM-RBF,30,1,1,100,100,1,209.00171759998193,0.001396944570833683,5029.000455001259,,True,,"(100, 30, 2)",True,2.766206317825204e-16,,,,,,,,,,,0,True,1,Titiksha,8,42,0.52.0,3.3.1
7ce3f051-c300-4db5-b338-7e0c95d8c826,2026-09-25T00:24:01.887848+00:00,kernelshap,multiprocessing,SVM-RBF,30,1,1,100,100,1,205.21076599997468,0.0013331262680554429,4799.254564999595,,True,,"(100, 30, 2)",True,2.634611279139776e-16,,,,,,,,,,,0,True,1,Titiksha,8,42,0.52.0,3.3.1
026d1a25-d1f0-49f9-8360-2151ec498088,2026-09-25T00:27:27.208068+00:00,kernelshap,multiprocessing,SVM-RBF,30,2,2,100,100,1,132.40887210000074,0.0008556115952784854,3080.2017430025476,,True,,"(100, 30, 2)",True,2.766206317825204e-16,,,,,,,,,,,0,True,1,Titiksha,8,42,0.52.0,3.3.1
9c6a6cde-318d-4f68-a0a3-51eecee2d6e3,2026-09-25T00:29:39.696357+00:00,kernelshap,multiprocessing,SVM-RBF,30,4,4,100,100,1,94.65784029994393,0.0006206354663894492,2234.2876790020173,,True,,"(100, 30, 2)",True,2.636779683484747e-16,,,,,,,,,,,0,True,1,Titiksha,8,42,0.52.0,3.3.1
62286870-3626-4a4c-a0f1-7274b8bd86e5,2026-09-25T00:31:14.442798+00:00,kernelshap,multiprocessing,SVM-RBF,30,8,8,100,100,1,89.56110549997538,0.0006138056844443851,2209.7004639997863,,True,,"(100, 30, 2)",True,2.695326600798964e-16,,,,,,,,,,,0,True,1,Titiksha,8,42,0.52.0,3.3.1
0197fb42-9d5a-442b-bcd8-8d6548c691e3,2026-09-25T00:32:44.093021+00:00,kernelshap,threading,SVM-RBF,30,1,1,100,100,1,211.33261689997744,0.0013427800713887994,4834.0082569996775,,True,,"(100, 30, 2)",True,2.766206317825204e-16,,,,,,,,,,,0,True,1,Titiksha,8,42,0.52.0,3.3.1
3f98abea-53c2-4b97-9756-12605146ab1d,2026-09-25T00:36:15.544007+00:00,kernelshap,threading,SVM-RBF,30,2,2,100,100,1,122.9670749999932,0.0008292101486108983,2985.156534999234,,True,,"(100, 30, 2)",True,2.634611279139776e-16,,,,,,,,,,,0,True,1,Titiksha,8,42,0.52.0,3.3.1
394d7932-7182-46c9-a93a-502779b4f912,2026-09-25T00:38:18.603383+00:00,kernelshap,threading,SVM-RBF,30,4,4,100,100,1,91.88962830003584,0.0006073599458330248,2186.495804998889,,True,,"(100, 30, 2)",True,2.695326600798964e-16,,,,,,,,,,,0,True,1,Titiksha,8,42,0.52.0,3.3.1
0794444b-6519-410d-a108-79925eb67bff,2026-09-25T00:39:50.574183+00:00,kernelshap,threading,SVM-RBF,30,8,8,100,100,1,91.81509559997357,0.0005847670544442407,2105.1613959992665,,True,,"(100, 30, 2)",True,3.3306690738754696e-16,,,,,,,,,,,0,True,1,Titiksha,8,42,0.52.0,3.3.1
d8cb6ae5-5753-4884-9777-0afd9e715f9e,2026-09-25T00:41:22.472055+00:00,kernelshap,joblib,SVM-RBF,30,1,1,100,100,1,204.4365996000124,0.0013168521205556838,4740.6676340004615,,True,,"(100, 30, 2)",True,2.766206317825204e-16,,,,,,,,,,,0,True,1,Titiksha,8,42,0.52.0,3.3.1
0851a7cb-59c2-402f-bf08-27ebf0a847b7,2026-09-25T00:44:46.988157+00:00,kernelshap,joblib,SVM-RBF,30,2,2,100,100,1,124.71054290002212,0.0008393665211108015,3021.719475998885,,True,,"(100, 30, 2)",True,2.766206317825204e-16,,,,,,,,,,,0,True,1,Titiksha,8,42,0.52.0,3.3.1
150a5d58-965f-43b3-94a1-6e1ffbc12e4f,2026-09-25T00:46:51.784823+00:00,kernelshap,joblib,SVM-RBF,30,4,4,100,100,1,100.81621249997988,0.0006558997386116455,2361.239059001924,,True,,"(100, 30, 2)",True,2.766206317825204e-16,,,,,,,,,,,0,True,1,Titiksha,8,42,0.52.0,3.3.1
191d67d3-4d3e-48e9-835c-cd5942cd50d4,2026-09-25T00:48:32.697404+00:00,kernelshap,joblib,SVM-RBF,30,8,8,100,100,1,91.73290289996658,0.0006010217119447048,2163.6781630009373,,True,,"(100, 30, 2)",True,3.3306690738754696e-16,,,,,,,,,,,0,True,1,Titiksha,8,42,0.52.0,3.3.1
5ba0467d-73ce-4da5-b1c5-9df66caf8e55,2026-09-25T00:50:04.516957+00:00,kernelshap,ray,SVM-RBF,30,1,1,100,100,1,190.30775380000705,0.001251425400555603,4505.131442000171,,True,,"(100, 30, 2)",True,3.456436525883788e-16,,,,,,,,,,,0,True,1,Titiksha,8,42,0.52.0,3.3.1
6942ea45-5afb-448c-a361-30cc76559808,2026-09-25T00:53:14.941042+00:00,kernelshap,ray,SVM-RBF,30,2,2,100,100,1,115.31082170002628,0.0007338068591663249,2641.7046929987696,,True,,"(100, 30, 2)",True,2.7755575615628914e-16,,,,,,,,,,,0,True,1,Titiksha,8,42,0.52.0,3.3.1
fae51d4a-c56b-4903-8fb5-0fd44b0c1c4b,2026-09-25T00:55:10.369005+00:00,kernelshap,ray,SVM-RBF,30,4,4,100,100,1,83.7933583999984,0.0005579602124993338,2008.6567649976016,,True,,"(100, 30, 2)",True,3.3306690738754696e-16,,,,,,,,,,,0,True,1,Titiksha,8,42,0.52.0,3.3.1
057b317e-be7a-4f89-9573-1bedf19b8747,2026-09-25T00:56:34.270590+00:00,kernelshap,ray,SVM-RBF,30,8,8,100,100,1,102.65831029997207,0.0006667829891667393,2400.4187610002614,,True,,"(100, 30, 2)",True,3.469446951953614e-16,,,,,,,,,,,0,True,1,Titiksha,8,42,0.52.0,3.3.1
65b8523e-9019-4475-856c-e8fca552c3db,2026-09-25T00:58:17.688345+00:00,kernelshap,serial,LogisticRegression,15,1,1,100,100,1,6.389497600030154,4.085621000089746e-05,147.08235600323084,,True,,"(100, 15, 2)",True,3.3306690738754696e-16,,,,,,,,,,,0,True,1,Titiksha,8,42,0.52.0,3.3.1
926f3df5-16b0-4c59-9b8d-63206cba8b88,2026-09-25T00:58:24.163558+00:00,kernelshap,multiprocessing,LogisticRegression,15,1,1,100,100,1,8.780144800024573,5.503771888812348e-05,198.1357879972445,,True,,"(100, 15, 2)",True,3.3306690738754696e-16,,,,,,,,,,,0,True,1,Titiksha,8,42,0.52.0,3.3.1
4b16d3fd-3815-46c2-b817-a85d26b2d259,2026-09-25T00:58:33.029269+00:00,kernelshap,multiprocessing,LogisticRegression,15,2,2,100,100,1,7.434819700021762,4.5195097777589455e-05,162.70235199932205,,True,,"(100, 15, 2)",True,3.3306690738754696e-16,,,,,,,,,,,0,True,1,Titiksha,8,42,0.52.0,3.3.1
0f969b84-db34-46be-8314-5e5283b7f243,2026-09-25T00:58:40.540917+00:00,kernelshap,multiprocessing,LogisticRegression,15,4,4,100,100,1,7.866050900018308,4.7235418610958035e-05,170.04750699944893,,True,,"(100, 15, 2)",True,4.440892098500626e-16,,,,,,,,,,,0,True,1,Titiksha,8,42,0.52.0,3.3.1
5d9b74a7-8b94-4b9e-a79a-3a4e22f19ef3,2026-09-25T00:58:48.501535+00:00,kernelshap,multiprocessing,LogisticRegression,15,8,8,100,100,1,10.821936299966183,6.673000166747267e-05,240.22800600290162,,True,,"(100, 15, 2)",True,3.3306690738754696e-16,,,,,,,,,,,0,True,1,Titiksha,8,42,0.52.0,3.3.1
8c532b36-5e45-4d88-a4c4-1676ddab5f97,2026-09-25T00:58:59.447391+00:00,kernelshap,threading,LogisticRegression,15,1,1,100,100,1,6.590943899995182,3.95958747226588e-05,142.54514900157167,,True,,"(100, 15, 2)",True,3.3306690738754696e-16,,,,,,,,,,,0,True,1,Titiksha,8,42,0.52.0,3.3.1
22cc39b8-6172-462c-8114-96098b763ae0,2026-09-25T00:59:06.149204+00:00,kernelshap,threading,LogisticRegression,15,2,2,100,100,1,8.455349099996965,5.191612222288367e-05,186.8980400023812,,True,,"(100, 15, 2)",True,4.440892098500626e-16,,,,,,,,,,,0,True,1,Titiksha,8,42,0.52.0,3.3.1
b7ce5a5e-122e-46f9-b0cf-84880b7135ce,2026-09-25T00:59:14.683226+00:00,kernelshap,threading,LogisticRegression,15,4,4,100,100,1,11.05086369998753,6.732974861070606e-05,242.38709499854184,,True,,"(100, 15, 2)",True,4.440892098500626e-16,,,,,,,,,,,0,True,1,Titiksha,8,42,0.52.0,3.3.1
7daf8d61-94ac-4403-9c8c-a80e4c9b3088,2026-09-25T00:59:25.819090+00:00,kernelshap,threading,LogisticRegression,15,8,8,100,100,1,12.24365099996794,7.426317055597709e-05,267.3474140015175,,True,,"(100, 15, 2)",True,4.440892098500626e-16,,,,,,,,,,,0,True,1,Titiksha,8,42,0.52.0,3.3.1
0fad2f9f-bb21-4caf-9780-311303ae870f,2026-09-25T00:59:38.150278+00:00,kernelshap,joblib,LogisticRegression,15,1,1,100,100,1,6.381446100014728,3.912774333378333e-05,140.85987600161997,,True,,"(100, 15, 2)",True,3.3306690738754696e-16,,,,,,,,,,,0,True,1,Titiksha,8,42,0.52.0,3.3.1
c867adc0-23ce-4be0-993b-69d8e7e9a58a,2026-09-25T00:59:44.619141+00:00,kernelshap,joblib,LogisticRegression,15,2,2,100,100,1,6.940110000025015,4.3781359444106105e-05,157.61289399878197,,True,,"(100, 15, 2)",True,4.440892098500626e-16,,,,,,,,,,,0,True,1,Titiksha,8,42,0.52.0,3.3.1
275aecf8-c15d-413b-ae84-eba27fc9880d,2026-09-25T00:59:51.643327+00:00,kernelshap,joblib,LogisticRegression,15,4,4,100,100,1,7.679149800038431,4.7518423333059445e-05,171.066323999014,,True,,"(100, 15, 2)",True,4.440892098500626e-16,,,,,,,,,,,0,True,1,Titiksha,8,42,0.52.0,3.3.1
7ca395fd-d691-4bae-9acb-3e1f03424154,2026-09-25T00:59:59.467448+00:00,kernelshap,joblib,LogisticRegression,15,8,8,100,100,1,9.881247700017411,6.289255250016557e-05,226.41318900059605,,True,,"(100, 15, 2)",True,3.3306690738754696e-16,,,,,,,,,,,0,True,1,Titiksha,8,42,0.52.0,3.3.1
16fd860e-870a-481d-a90a-d7fdb7977936,2026-09-25T01:00:09.553012+00:00,kernelshap,ray,LogisticRegression,15,1,1,100,100,1,12.197488099976908,7.683819888881782e-05,276.61751599974417,,True,,"(100, 15, 2)",True,3.3306690738754696e-16,,,,,,,,,,,0,True,1,Titiksha,8,42,0.52.0,3.3.1
dac7c046-6eef-4af2-b3cf-9a269ab1eb97,2026-09-25T01:00:21.904437+00:00,kernelshap,ray,LogisticRegression,15,2,2,100,100,1,10.671499599993695,6.885493333377846e-05,247.87776000160244,,True,,"(100, 15, 2)",True,3.3306690738754696e-16,,,,,,,,,,,0,True,1,Titiksha,8,42,0.52.0,3.3.1
761c7815-0433-4d64-8e1c-5074bf636970,2026-09-25T01:00:32.680957+00:00,kernelshap,ray,LogisticRegression,15,4,4,100,100,1,11.343043200031389,7.05255144451411e-05,253.89185200250796,,True,,"(100, 15, 2)",True,4.440892098500626e-16,,,,,,,,,,,0,True,1,Titiksha,8,42,0.52.0,3.3.1
f00dd90e-9ac6-49c7-b39f-371f59541536,2026-09-25T01:00:44.148009+00:00,kernelshap,ray,LogisticRegression,15,8,8,100,100,1,14.31196150003234,8.988043749999508e-05,323.5695749999823,,True,,"(100, 15, 2)",True,3.3306690738754696e-16,,,,,,,,,,,0,True,1,Titiksha,8,42,0.52.0,3.3.1
e54cec39-79b4-4853-ba43-a4d0223f1893,2026-09-25T01:00:58.584358+00:00,kernelshap,serial,LogisticRegression,30,1,1,100,100,1,9.243339699984062,5.706086000054067e-05,205.4190960019464,,True,,"(100, 30, 2)",True,4.440892098500626e-16,,,,,,,,,,,0,True,1,Titiksha,8,42,0.52.0,3.3.1
77a3d0b8-a809-47b3-ac75-b9d2df1f65d5,2026-09-25T01:01:07.917617+00:00,kernelshap,multiprocessing,LogisticRegression,30,1,1,100,100,1,11.393063499999698,6.900711888851996e-05,248.42562799867184,,True,,"(100, 30, 2)",True,3.885780586188048e-16,,,,,,,,,,,0,True,1,Titiksha,8,42,0.52.0,3.3.1
eb8d60c2-eddf-409d-ad2f-f787c954b719,2026-09-25T01:01:19.420790+00:00,kernelshap,multiprocessing,LogisticRegression,30,2,2,100,100,1,9.435063499957323,5.798284999949943e-05,208.73825999819795,,True,,"(100, 30, 2)",True,4.440892098500626e-16,,,,,,,,,,,0,True,1,Titiksha,8,42,0.52.0,3.3.1
bb5116a8-2f06-47db-822f-bf8ee202a103,2026-09-25T01:01:28.933950+00:00,kernelshap,multiprocessing,LogisticRegression,30,4,4,100,100,1,9.093158399977256,5.6486596111238185e-05,203.35174600045747,,True,,"(100, 30, 2)",True,3.3306690738754696e-16,,,,,,,,,,,0,True,1,Titiksha,8,42,0.52.0,3.3.1
1546a08c-d54e-4e10-aa3c-46e365656ac1,2026-09-25T01:01:38.111909+00:00,kernelshap,multiprocessing,LogisticRegression,30,8,8,100,100,1,11.485665799991693,7.224806333322453e-05,260.0930279996083,,True,,"(100, 30, 2)",True,4.440892098500626e-16,,,,,,,,,,,0,True,1,Titiksha,8,42,0.52.0,3.3.1
f084cc82-7930-47ee-830f-de45d827bba9,2026-09-25T01:01:49.697141+00:00,kernelshap,threading,LogisticRegression,30,1,1,100,100,1,9.243417699995916,5.709842805592946e-05,205.55434100134607,,True,,"(100, 30, 2)",True,4.440892098500626e-16,,,,,,,,,,,0,True,1,Titiksha,8,42,0.52.0,3.3.1
8cf9843c-4c93-4fbc-bab8-f649b5547216,2026-09-25T01:01:59.048191+00:00,kernelshap,threading,LogisticRegression,30,2,2,100,100,1,10.864474100002553,6.770153833263182e-05,243.72553799747453,,True,,"(100, 30, 2)",True,4.440892098500626e-16,,,,,,,,,,,0,True,1,Titiksha,8,42,0.52.0,3.3.1
cb3d9b22-1b4f-41c0-b8e5-14c0257ca0fe,2026-09-25T01:02:10.032119+00:00,kernelshap,threading,LogisticRegression,30,4,4,100,100,1,13.652176899951883,8.23381380560817e-05,296.4172970018941,,True,,"(100, 30, 2)",True,3.3306690738754696e-16,,,,,,,,,,,0,True,1,Titiksha,8,42,0.52.0,3.3.1
1330b00e-ac7b-4ff4-8a09-a1279b69efb0,2026-09-25T01:02:23.800837+00:00,kernelshap,threading,LogisticRegression,30,8,8,100,100,1,14.309234699991066,8.75731597225482e-05,315.26337500117353,,True,,"(100, 30, 2)",True,4.440892098500626e-16,,,,,,,,,,,0,True,1,Titiksha,8,42,0.52.0,3.3.1
6f947bf1-8a1f-430a-99a8-fbb73111c6bd,2026-09-25T01:02:38.200574+00:00,kernelshap,joblib,LogisticRegression,30,1,1,100,100,1,9.228356599982362,5.557555527832547e-05,200.0719990019717,,True,,"(100, 30, 2)",True,4.440892098500626e-16,,,,,,,,,,,0,True,1,Titiksha,8,42,0.52.0,3.3.1
e864d5ab-38ef-4ab2-89e4-415f4dcbd07e,2026-09-25T01:02:47.530623+00:00,kernelshap,joblib,LogisticRegression,30,2,2,100,100,1,10.433950599981472,6.476246194450641e-05,233.14486300022307,,True,,"(100, 30, 2)",True,3.3306690738754696e-16,,,,,,,,,,,0,True,1,Titiksha,8,42,0.52.0,3.3.1
c56db15e-82d8-493d-abe5-0fdf00efb36c,2026-09-25T01:02:58.045006+00:00,kernelshap,joblib,LogisticRegression,30,4,4,100,100,1,9.155098400020506,5.624400250048289e-05,202.4784090017384,,True,,"(100, 30, 2)",True,4.440892098500626e-16,,,,,,,,,,,0,True,1,Titiksha,8,42,0.52.0,3.3.1
ca85c8fe-bca4-4d7e-921b-e9e1eb205aa3,2026-09-25T01:03:07.309359+00:00,kernelshap,joblib,LogisticRegression,30,8,8,100,100,1,11.858421800017823,7.124590027809963e-05,256.48524100115867,,True,,"(100, 30, 2)",True,3.3306690738754696e-16,,,,,,,,,,,0,True,1,Titiksha,8,42,0.52.0,3.3.1
e5a6dd03-5ab4-491e-85f9-7cf9e41d6ed1,2026-09-25T01:03:19.276770+00:00,kernelshap,ray,LogisticRegression,30,1,1,100,100,1,15.230857399990782,9.189402083303877e-05,330.81847499893956,,True,,"(100, 30, 2)",True,3.3306690738754696e-16,,,,,,,,,,,0,True,1,Titiksha,8,42,0.52.0,3.3.1
0670337b-fec5-4c1f-91e2-bfccbfabd133,2026-09-25T01:03:34.645348+00:00,kernelshap,ray,LogisticRegression,30,2,2,100,100,1,12.931956900050864,7.840479916693122e-05,282.2572770009524,,True,,"(100, 30, 2)",True,4.440892098500626e-16,,,,,,,,,,,0,True,1,Titiksha,8,42,0.52.0,3.3.1
54736e3e-a552-4ee4-a676-2e7900868fe6,2026-09-25T01:03:47.692453+00:00,kernelshap,ray,LogisticRegression,30,4,4,100,100,1,12.942027699958999,7.934377027815631e-05,285.63757300136274,,True,,"(100, 30, 2)",True,4.440892098500626e-16,,,,,,,,,,,0,True,1,Titiksha,8,42,0.52.0,3.3.1
23db6d61-f19b-4dfb-944f-a99dda2063fb,2026-09-25T01:04:00.764409+00:00,kernelshap,ray,LogisticRegression,30,8,8,100,100,1,16.151738300046418,9.932660361078316e-05,357.5757729988194,,True,,"(100, 30, 2)",True,4.440892098500626e-16,,,,,,,,,,,0,True,1,Titiksha,8,42,0.52.0,3.3.1
6b2f5932-e58b-49cd-b344-278cc08debcc,2026-09-25T01:04:17.065159+00:00,kernelshap,serial,SVM-RBF,15,1,1,100,25,2,45.138999000017066,0.00027435315583287934,987.6713609983656,,True,,"(100, 15, 2)",True,3.841328297116142e-16,,,,,,,,,,,0,True,1,Titiksha,8,42,0.52.0,3.3.1
f8e85577-757d-417a-be83-81298c0b696b,2026-09-25T01:05:02.305409+00:00,kernelshap,multiprocessing,SVM-RBF,15,1,1,100,25,2,44.83772339997813,0.0002820033319450299,1015.2119950021076,,True,,"(100, 15, 2)",True,3.3306690738754696e-16,,,,,,,,,,,0,True,1,Titiksha,8,42,0.52.0,3.3.1
ad91781b-a44d-420e-831b-a2a3f5d83b40,2026-09-25T01:05:47.224921+00:00,kernelshap,multiprocessing,SVM-RBF,15,2,2,100,25,2,30.403212099976372,0.0001922216963885781,691.9981069988812,,True,,"(100, 15, 2)",True,3.404394821604484e-16,,,,,,,,,,,0,True,1,Titiksha,8,42,0.52.0,3.3.1
74b69ff2-4669-4b4a-8853-a04cb868c228,2026-09-25T01:06:17.709190+00:00,kernelshap,multiprocessing,SVM-RBF,15,4,4,100,25,2,24.754099700017832,0.00015322662972194756,551.6158669990112,,True,,"(100, 15, 2)",True,3.841328297116142e-16,,,,,,,,,,,0,True,1,Titiksha,8,42,0.52.0,3.3.1
b273b58f-faba-4f11-abba-ab5f809eff95,2026-09-25T01:06:42.550175+00:00,kernelshap,multiprocessing,SVM-RBF,15,8,8,100,25,2,28.11511320003774,0.00017145771416701705,617.2477710012614,,True,,"(100, 15, 2)",True,3.404394821604484e-16,,,,,,,,,,,0,True,1,Titiksha,8,42,0.52.0,3.3.1
57dfa613-6575-4905-bb36-e7f1a7b8031c,2026-09-25T01:07:10.755424+00:00,kernelshap,threading,SVM-RBF,15,1,1,100,25,2,43.17593849997502,0.0002677713594443354,963.9768939996075,,True,,"(100, 15, 2)",True,3.3306690738754696e-16,,,,,,,,,,,0,True,1,Titiksha,8,42,0.52.0,3.3.1
c056dc7d-379c-4696-bcbc-90dd88e23972,2026-09-25T01:07:54.050372+00:00,kernelshap,threading,SVM-RBF,15,2,2,100,25,2,29.96788369998103,0.00018514688388848732,666.5287819985543,,True,,"(100, 15, 2)",True,3.3306690738754696e-16,,,,,,,,,,,0,True,1,Titiksha,8,42,0.52.0,3.3.1
dd3cb02e-9bfd-4f7d-9843-29961c665437,2026-09-25T01:08:24.099656+00:00,kernelshap,threading,SVM-RBF,15,4,4,100,25,2,21.7780065999832,0.00013403367249917308,482.5212209970231,,True,,"(100, 15, 2)",True,3.3306690738754696e-16,,,,,,,,,,,0,True,1,Titiksha,8,42,0.52.0,3.3.1
671a6172-3c5f-4b71-9fac-b645b11324bb,2026-09-25T01:08:45.955904+00:00,kernelshap,threading,SVM-RBF,15,8,8,100,25,2,25.58061380003346,0.00015569030388901117,560.4850940004402,,True,,"(100, 15, 2)",True,3.3306690738754696e-16,,,,,,,,,,,0,True,1,Titiksha,8,42,0.52.0,3.3.1
bb3bcc1a-1325-47d3-91b0-cda9b81abd86,2026-09-25T01:09:11.615004+00:00,kernelshap,joblib,SVM-RBF,15,1,1,100,25,2,43.30309189995751,0.00027250747416596166,981.026906997462,,True,,"(100, 15, 2)",True,3.3306690738754696e-16,,,,,,,,,,,0,True,1,Titiksha,8,42,0.52.0,3.3.1
0c545efd-d1ec-4ff0-9770-4b5402ec61ac,2026-09-25T01:09:54.996500+00:00,kernelshap,joblib,SVM-RBF,15,2,2,100,25,2,29.772533199982718,0.00018894029611093988,680.1850659993836,,True,,"(100, 15, 2)",True,3.5952144039619327e-16,,,,,,,,,,,0,True,1,Titiksha,8,42,0.52.0,3.3.1
f07ea0a2-42b8-425a-be34-c73fd0102d37,2026-09-25T01:10:24.851682+00:00,kernelshap,joblib,SVM-RBF,15,4,4,100,25,2,24.433266799955163,0.00015325197277740732,551.7071019986663,,True,,"(100, 15, 2)",True,3.3306690738754696e-16,,,,,,,,,,,0,True,1,Titiksha,8,42,0.52.0,3.3.1
8765260f-75b3-49bd-9b03-e5f61f2b3653,2026-09-25T01:10:49.370758+00:00,kernelshap,joblib,SVM-RBF,15,8,8,100,25,2,25.47155010001734,0.0001634333419442413,588.3600309992687,,True,,"(100, 15, 2)",True,3.3306690738754696e-16,,,,,,,,,,,0,True,1,Titiksha,8,42,0.52.0,3.3.1
9cda7c3d-2031-433e-b24f-c774e63337a0,2026-09-25T01:11:14.982980+00:00,kernelshap,ray,SVM-RBF,15,1,1,100,25,2,47.62593979999656,0.00031270647861145195,1125.743323001227,,True,,"(100, 15, 2)",True,3.3306690738754696e-16,,,,,,,,,,,0,True,1,Titiksha,8,42,0.52.0,3.3.1
49c11c47-e2b3-4b7f-9415-c6863b8c2299,2026-09-25T01:12:02.749111+00:00,kernelshap,ray,SVM-RBF,15,2,2,100,25,2,33.284618599980604,0.00021620796000018647,778.3486560006713,,True,,"(100, 15, 2)",True,3.3306690738754696e-16,,,,,,,,,,,0,True,1,Titiksha,8,42,0.52.0,3.3.1
251b1c93-94f2-4d83-8298-8ee55d4b770b,2026-09-25T01:12:36.145605+00:00,kernelshap,ray,SVM-RBF,15,4,4,100,25,2,27.408862499985844,0.0001830284694447626,658.9024900011453,,True,,"(100, 15, 2)",True,3.3306690738754696e-16,,,,,,,,,,,0,True,1,Titiksha,8,42,0.52.0,3.3.1
a72fdd4d-ec07-4e80-9d6b-b33b77c20e27,2026-09-25T01:13:03.705782+00:00,kernelshap,ray,SVM-RBF,15,8,8,100,25,2,29.476641900022514,0.0001938523625003019,697.8685050010869,,True,,"(100, 15, 2)",True,3.3306690738754696e-16,,,,,,,,,,,0,True,1,Titiksha,8,42,0.52.0,3.3.1
9a05b67f-5300-4667-b507-18686a3ceff7,2026-09-25T01:13:33.310854+00:00,kernelshap,serial,SVM-RBF,30,1,1,100,25,2,56.869298100005835,0.00036156366888881464,1301.6292079997327,,True,,"(100, 30, 2)",True,3.8055496254241206e-16,,,,,,,,,,,0,True,1,Titiksha,8,42,0.52.0,3.3.1
51dd3766-8cec-427d-bb4d-0eeb631ab693,2026-09-25T01:14:30.300086+00:00,kernelshap,multiprocessing,SVM-RBF,30,1,1,100,25,2,57.999058999994304,0.0003585790144442491,1290.8844519992967,,True,,"(100, 30, 2)",True,4.440892098500626e-16,,,,,,,,,,,0,True,1,Titiksha,8,42,0.52.0,3.3.1
76a1273c-ef15-4701-82cf-6854c1e3ef7e,2026-09-25T01:15:28.382108+00:00,kernelshap,multiprocessing,SVM-RBF,30,2,2,100,25,2,37.772797799960244,0.0002413407627777919,868.8267460000509,,True,,"(100, 30, 2)",True,4.915772650049277e-16,,,,,,,,,,,0,True,1,Titiksha,8,42,0.52.0,3.3.1
e0ceb1f1-b6ec-4d2d-8a48-c0598d6b3a10,2026-09-25T01:16:06.235692+00:00,kernelshap,multiprocessing,SVM-RBF,30,4,4,100,25,2,29.895521599974018,0.00019471673333354422,700.9802400007592,,True,,"(100, 30, 2)",True,3.8764293424503604e-16,,,,,,,,,,,0,True,1,Titiksha,8,42,0.52.0,3.3.1
fe92309f-48ca-47d9-82d6-89593a257358,2026-09-25T01:16:36.222531+00:00,kernelshap,multiprocessing,SVM-RBF,30,8,8,100,25,2,29.360706300009042,0.0001962307338889968,706.4306420003885,,True,,"(100, 30, 2)",True,4.465828748467793e-16,,,,,,,,,,,0,True,1,Titiksha,8,42,0.52.0,3.3.1
c47d4f0d-0092-41b7-95c6-2b7aaf05b0a9,2026-09-25T01:17:05.673548+00:00,kernelshap,threading,SVM-RBF,30,1,1,100,25,2,55.216597600025125,0.0003735698327776704,1344.8513979996135,,True,,"(100, 30, 2)",True,3.7220660581427367e-16,,,,,,,,,,,0,True,1,Titiksha,8,42,0.52.0,3.3.1
dc02ddfb-0fe3-43c3-8547-7525387e25cc,2026-09-25T01:18:00.978189+00:00,kernelshap,threading,SVM-RBF,30,2,2,100,25,2,35.353367000003345,0.0002465133174993639,887.44794299771,,True,,"(100, 30, 2)",True,4.0288952729561345e-16,,,,,,,,,,,0,True,1,Titiksha,8,42,0.52.0,3.3.1
da1aa048-a890-44e0-9cfd-ddabea4674a0,2026-09-25T01:18:36.411814+00:00,kernelshap,threading,SVM-RBF,30,4,4,100,25,2,24.847939600003883,0.000163852887777316,589.8703959983376,,True,,"(100, 30, 2)",True,4.1752625662416776e-16,,,,,,,,,,,0,True,1,Titiksha,8,42,0.52.0,3.3.1
4822322a-3653-40f9-bdbe-d094192e8abd,2026-09-25T01:19:01.343398+00:00,kernelshap,threading,SVM-RBF,30,8,8,100,25,2,28.540429799992125,0.0001861866849997562,670.2720659991223,,True,,"(100, 30, 2)",True,3.7383290907300193e-16,,,,,,,,,,,0,True,1,Titiksha,8,42,0.52.0,3.3.1
37ee023b-ffbd-4f48-a046-22f3a5f3b006,2026-09-25T01:19:29.960383+00:00,kernelshap,joblib,SVM-RBF,30,1,1,100,25,2,55.22697329998482,0.00034988971805549607,1259.6029849997858,,True,,"(100, 30, 2)",True,3.885780586188048e-16,,,,,,,,,,,0,True,1,Titiksha,8,42,0.52.0,3.3.1
c6457747-ebf9-4da7-a52b-8949f04d516f,2026-09-25T01:20:25.264285+00:00,kernelshap,joblib,SVM-RBF,30,2,2,100,25,2,38.557688499975484,0.00023782813583370088,856.1812890013232,,True,,"(100, 30, 2)",True,3.8055496254241206e-16,,,,,,,,,,,0,True,1,Titiksha,8,42,0.52.0,3.3.1
83270dcc-7305-4558-815f-1352b5cc370b,2026-09-25T01:21:03.904454+00:00,kernelshap,joblib,SVM-RBF,30,4,4,100,25,2,30.106749999977183,0.000187142369721921,673.7125309989156,,True,,"(100, 30, 2)",True,3.634245682171411e-16,,,,,,,,,,,0,True,1,Titiksha,8,42,0.52.0,3.3.1
c36414eb-5cee-47ca-9808-5c3b220f5d4b,2026-09-25T01:21:34.103554+00:00,kernelshap,joblib,SVM-RBF,30,8,8,100,25,2,31.108453700027894,0.00019911753777804297,716.8231360009547,,True,,"(100, 30, 2)",True,4.570996359198887e-16,,,,,,,,,,,0,True,1,Titiksha,8,42,0.52.0,3.3.1
78f41f0c-41a4-4d0c-988b-4ab113f630b7,2026-09-25T01:22:05.303511+00:00,kernelshap,ray,SVM-RBF,30,1,1,100,25,2,51.937983300013,0.000335268755833007,1206.9675209988252,,True,,"(100, 30, 2)",True,3.677613769070831e-16,,,,,,,,,,,0,True,1,Titiksha,8,42,0.52.0,3.3.1
3ac69ade-0b19-4f44-9835-3800cf788f9b,2026-09-25T01:22:57.374599+00:00,kernelshap,ray,SVM-RBF,30,2,2,100,25,2,35.04795599996578,0.0002247296011107791,809.0265639988048,,True,,"(100, 30, 2)",True,3.885780586188048e-16,,,,,,,,,,,0,True,1,Titiksha,8,42,0.52.0,3.3.1
cb655592-9abe-4b36-9061-796acfee7f0a,2026-09-25T01:23:32.547145+00:00,kernelshap,ray,SVM-RBF,30,4,4,100,25,2,29.476061700028367,0.00018843508527796593,678.3663070006774,,True,,"(100, 30, 2)",True,3.677613769070831e-16,,,,,,,,,,,0,True,1,Titiksha,8,42,0.52.0,3.3.1
15e8d7df-99aa-460a-ba8b-86e6a87e39a7,2026-09-25T01:24:02.181180+00:00,kernelshap,ray,SVM-RBF,30,8,8,100,25,2,34.991968599963,0.00022663967444394584,815.902827998205,,True,,"(100, 30, 2)",True,4.0288952729561345e-16,,,,,,,,,,,0,True,1,Titiksha,8,42,0.52.0,3.3.1
aacf8178-03a6-48b1-a856-26fbad2db7e3,2026-09-25T01:24:37.300203+00:00,kernelshap,serial,LogisticRegression,15,1,1,100,25,2,3.922560299979523,2.640809444426351e-05,95.06913999934864,,True,,"(100, 15, 2)",True,2.7755575615628914e-16,,,,,,,,,,,0,True,1,Titiksha,8,42,0.52.0,3.3.1
990f3cd6-9e12-4afa-b160-39f245fea12d,2026-09-25T01:24:41.306492+00:00,kernelshap,multiprocessing,LogisticRegression,15,1,1,100,25,2,6.113017399969976,4.095125249969911e-05,147.4245089989168,,True,,"(100, 15, 2)",True,3.7816971776294395e-16,,,,,,,,,,,0,True,1,Titiksha,8,42,0.52.0,3.3.1
6adfb604-be5a-4fdb-a960-4094c5c37061,2026-09-25T01:24:47.495460+00:00,kernelshap,multiprocessing,LogisticRegression,15,2,2,100,25,2,5.34984959999565,3.648047944432298e-05,131.32972599956273,,True,,"(100, 15, 2)",True,2.7755575615628914e-16,,,,,,,,,,,0,True,1,Titiksha,8,42,0.52.0,3.3.1
c46dd932-dfa1-4dcf-84d0-7d43b27d78b4,2026-09-25T01:24:52.921069+00:00,kernelshap,multiprocessing,LogisticRegression,15,4,4,100,25,2,6.248325900000054,4.180908138912143e-05,150.51269300083715,,True,,"(100, 15, 2)",True,2.7755575615628914e-16,,,,,,,,,,,0,True,1,Titiksha,8,42,0.52.0,3.3.1
98e4379d-3049-4ab4-a51d-d2deb0742df8,2026-09-25T01:24:59.251743+00:00,kernelshap,multiprocessing,LogisticRegression,15,8,8,100,25,2,8.67588870000327,5.745213027766316e-05,206.8276689995874,,True,,"(100, 15, 2)",True,3.400058012914542e-16,,,,,,,,,,,0,True,1,Titiksha,8,42,0.52.0,3.3.1
150b5997-9e55-496c-a4da-241ed08ffba4,2026-09-25T01:25:08.014480+00:00,kernelshap,threading,LogisticRegression,15,1,1,100,25,2,3.994711700011976,2.500577027755857e-05,90.02077299921085,,True,,"(100, 15, 2)",True,3.4508122271140196e-16,,,,,,,,,,,0,True,1,Titiksha,8,42,0.52.0,3.3.1
5e210cdf-1f80-4c66-b2e6-d9dc613f905b,2026-09-25T01:25:12.140602+00:00,kernelshap,threading,LogisticRegression,15,2,2,100,25,2,5.270737399987411,3.3016869722263253e-05,118.86073100014771,,True,,"(100, 15, 2)",True,3.3993375055137837e-16,,,,,,,,,,,0,True,1,Titiksha,8,42,0.52.0,3.3.1
74ef1c6b-5e52-438e-9bbc-77459c19fc76,2026-09-25T01:25:17.521202+00:00,kernelshap,threading,LogisticRegression,15,4,4,100,25,2,9.162639299989678,6.046182194449634e-05,217.66255900018683,,True,,"(100, 15, 2)",True,2.7755575615628914e-16,,,,,,,,,,,0,True,1,Titiksha,8,42,0.52.0,3.3.1
bfbb9536-887b-44d0-bc81-59af5c8f5675,2026-09-25T01:25:26.761673+00:00,kernelshap,threading,LogisticRegression,15,8,8,100,25,2,10.130893299996387,6.576622666698562e-05,236.75841600114822,,True,,"(100, 15, 2)",True,3.8297430039800715e-16,,,,,,,,,,,0,True,1,Titiksha,8,42,0.52.0,3.3.1
4c821b8b-6318-4e89-9b49-b3a406d07572,2026-09-25T01:25:36.969896+00:00,kernelshap,joblib,LogisticRegression,15,1,1,100,25,2,3.917767899984028,2.458768027757685e-05,88.51564899927666,,True,,"(100, 15, 2)",True,2.7755575615628914e-16,,,,,,,,,,,0,True,1,Titiksha,8,42,0.52.0,3.3.1
c4ec1a47-8d3f-440d-beba-613ea0251d43,2026-09-25T01:25:40.964582+00:00,kernelshap,joblib,LogisticRegression,15,2,2,100,25,2,6.088092899997719,3.941219277783792e-05,141.88389400021651,,True,,"(100, 15, 2)",True,3.3993375055137837e-16,,,,,,,,,,,0,True,1,Titiksha,8,42,0.52.0,3.3.1
7041ff36-daa7-49f7-a1d8-8aa73a782382,2026-09-25T01:25:47.136651+00:00,kernelshap,joblib,LogisticRegression,15,4,4,100,25,2,6.3410089000244625,3.971365416641226e-05,142.96915499908414,,True,,"(100, 15, 2)",True,3.469446951953614e-16,,,,,,,,,,,0,True,1,Titiksha,8,42,0.52.0,3.3.1
87439f6b-411c-49f4-b603-e8965d7e0112,2026-09-25T01:25:53.622549+00:00,kernelshap,joblib,LogisticRegression,15,8,8,100,25,2,8.83026910002809,5.706528166624092e-05,205.4350139984673,,True,,"(100, 15, 2)",True,2.7755575615628914e-16,,,,,,,,,,,0,True,1,Titiksha,8,42,0.52.0,3.3.1
4c5e8f7e-f407-4203-97e8-0e074c57717f,2026-09-25T01:26:02.626351+00:00,kernelshap,ray,LogisticRegression,15,1,1,100,25,2,9.951882100023795,6.161309694430184e-05,221.80714899948663,,True,,"(100, 15, 2)",True,2.7755575615628914e-16,,,,,,,,,,,0,True,1,Titiksha,8,42,0.52.0,3.3.1
21ae3f7b-617b-40da-a2d6-45d81d51b681,2026-09-25T01:26:12.731601+00:00,kernelshap,ray,LogisticRegression,15,2,2,100,25,2,9.137242699973285,5.7833567500803484e-05,208.20084300289255,,True,,"(100, 15, 2)",True,2.7755575615628914e-16,,,,,,,,,,,0,True,1,Titiksha,8,42,0.52.0,3.3.1
3cb7934d-7db0-48c1-a895-3e0f2ffc2370,2026-09-25T01:26:21.984544+00:00,kernelshap,ray,LogisticRegression,15,4,4,100,25,2,9.988051799999084,6.291165944447008e-05,226.4819740000923,,True,,"(100, 15, 2)",True,2.7755575615628914e-16,,,,,,,,,,,0,True,1,Titiksha,8,42,0.52.0,3.3.1
7a6da749-edf6-42ec-877d-7508bbc4a13a,2026-09-25T01:26:32.103584+00:00,kernelshap,ray,LogisticRegression,15,8,8,100,25,2,14.557018599996809,8.921637083303403e-05,321.1789349989225,,True,,"(100, 15, 2)",True,2.7755575615628914e-16,,,,,,,,,,,0,True,1,Titiksha,8,42,0.52.0,3.3.1
7decbc07-c816-43f1-a09e-0d38aadcdd63,2026-09-25T01:26:47.361867+00:00,kernelshap,serial,LogisticRegression,30,1,1,100,25,2,5.416900000011083,3.351297666615016e-05,120.64671599814059,,True,,"(100, 30, 2)",True,4.440892098500626e-16,,,,,,,,,,,0,True,1,Titiksha,8,42,0.52.0,3.3.1
95be25bc-787b-4a72-887f-433ed71edb67,2026-09-25T01:26:52.861428+00:00,kernelshap,multiprocessing,LogisticRegression,30,1,1,100,25,2,7.627585199952591,4.650248777746113e-05,167.40895599886008,,True,,"(100, 30, 2)",True,3.3501847129802087e-16,,,,,,,,,,,0,True,1,Titiksha,8,42,0.52.0,3.3.1
89ecf193-9de3-44dd-a323-a10a5e79ec9d,2026-09-25T01:27:00.568197+00:00,kernelshap,multiprocessing,LogisticRegression,30,2,2,100,25,2,6.731791500002146,4.1272708610456954e-05,148.58175099764503,,True,,"(100, 30, 2)",True,4.440892098500626e-16,,,,,,,,,,,0,True,1,Titiksha,8,42,0.52.0,3.3.1
b36b8cc1-9551-4c44-8b7d-6ffe548b89c1,2026-09-25T01:27:07.376496+00:00,kernelshap,multiprocessing,LogisticRegression,30,4,4,100,25,2,7.518507700006012,4.581520611146584e-05,164.93474200127702,,True,,"(100, 30, 2)",True,4.440892098500626e-16,,,,,,,,,,,0,True,1,Titiksha,8,42,0.52.0,3.3.1
76d234ff-20c3-4e74-89e9-07798adbac20,2026-09-25T01:27:15.007291+00:00,kernelshap,multiprocessing,LogisticRegression,30,8,8,100,25,2,10.272423300019,6.274720000001843e-05,225.88992000006635,,True,,"(100, 30, 2)",True,4.440892098500626e-16,,,,,,,,,,,0,True,1,Titiksha,8,42,0.52.0,3.3.1
4c0cb42e-b7cf-49f8-aa33-177852a702a4,2026-09-25T01:27:25.393108+00:00,kernelshap,threading,LogisticRegression,30,1,1,100,25,2,5.448473199969158,3.282858972192271e-05,118.18292299892175,,True,,"(100, 30, 2)",True,4.440892098500626e-16,,,,,,,,,,,0,True,1,Titiksha,8,42,0.52.0,3.3.1
f17b5c1b-cce5-4da9-969d-529eeb6fee83,2026-09-25T01:27:30.945986+00:00,kernelshap,threading,LogisticRegression,30,2,2,100,25,2,6.841448599996511,4.2995685555213825e-05,154.78446799876977,,True,,"(100, 30, 2)",True,4.440892098500626e-16,,,,,,,,,,,0,True,1,Titiksha,8,42,0.52.0,3.3.1
3fe47622-6c44-4b52-aadc-7633136d1ef3,2026-09-25T01:27:37.875911+00:00,kernelshap,threading,LogisticRegression,30,4,4,100,25,2,11.32666409999365,6.875515222176665e-05,247.51854799835994,,True,,"(100, 30, 2)",True,4.440892098500626e-16,,,,,,,,,,,0,True,1,Titiksha,8,42,0.52.0,3.3.1
7a6f3f25-3837-453c-8c4c-aa6ae31f7ba4,2026-09-25T01:27:49.297423+00:00,kernelshap,threading,LogisticRegression,30,8,8,100,25,2,12.331685799988918,7.593144111056604e-05,273.35318799803775,,True,,"(100, 30, 2)",True,3.3306690738754696e-16,,,,,,,,,,,0,True,1,Titiksha,8,42,0.52.0,3.3.1
8971e4cc-aedc-46ab-8d0b-013b68b3aa03,2026-09-25T01:28:01.709187+00:00,kernelshap,joblib,LogisticRegression,30,1,1,100,25,2,5.344804399996065,3.262017583322008e-05,117.43263299959227,,True,,"(100, 30, 2)",True,3.3306690738754696e-16,,,,,,,,,,,0,True,1,Titiksha,8,42,0.52.0,3.3.1
f11ca507-6140-4d52-b151-3d1893a89bac,2026-09-25T01:28:07.138702+00:00,kernelshap,joblib,LogisticRegression,30,2,2,100,25,2,7.102239999978337,4.431135805621489e-05,159.5208890023736,,True,,"(100, 30, 2)",True,4.440892098500626e-16,,,,,,,,,,,0,True,1,Titiksha,8,42,0.52.0,3.3.1
c22d1aa8-64da-49e1-b57d-a3500bda97ac,2026-09-25T01:28:14.367478+00:00,kernelshap,joblib,LogisticRegression,30,4,4,100,25,2,6.917402399994899,4.2973739999924154e-05,154.70546399972696,,True,,"(100, 30, 2)",True,4.440892098500626e-16,,,,,,,,,,,0,True,1,Titiksha,8,42,0.52.0,3.3.1
4e28ea02-edfe-4fcf-913a-4282d64fa8e7,2026-09-25T01:28:21.395964+00:00,kernelshap,joblib,LogisticRegression,30,8,8,100,25,2,9.674227999988943,6.070547749997823e-05,218.53971899992163,,True,,"(100, 30, 2)",True,4.440892098500626e-16,,,,,,,,,,,0,True,1,Titiksha,8,42,0.52.0,3.3.1
f1dbf79b-de8e-4e6d-929d-7bf70561b16f,2026-09-25T01:28:31.230564+00:00,kernelshap,ray,LogisticRegression,30,1,1,100,25,2,11.189626100007445,7.064915499990776e-05,254.33695799966793,,True,,"(100, 30, 2)",True,3.3306690738754696e-16,,,,,,,,,,,0,True,1,Titiksha,8,42,0.52.0,3.3.1
1ac496e2-5716-409d-be1f-1d3c89d0c217,2026-09-25T01:28:42.563504+00:00,kernelshap,ray,LogisticRegression,30,2,2,100,25,2,9.791542700026184,6.272184444469642e-05,225.7986400009071,,True,,"(100, 30, 2)",True,3.3306690738754696e-16,,,,,,,,,,,0,True,1,Titiksha,8,42,0.52.0,3.3.1
45c4ec2a-5c38-45e1-a8fa-0a14ed4cfb02,2026-09-25T01:28:52.466023+00:00,kernelshap,ray,LogisticRegression,30,4,4,100,25,2,10.462911600014195,6.693631138962597e-05,240.97072100265348,,True,,"(100, 30, 2)",True,4.440892098500626e-16,,,,,,,,,,,0,True,1,Titiksha,8,42,0.52.0,3.3.1
34595faf-0e53-4354-8933-ed8340eac251,2026-09-25T01:29:03.047111+00:00,kernelshap,ray,LogisticRegression,30,8,8,100,25,2,13.327331500011496,8.717553472220585e-05,313.83192499994107,,True,,"(100, 30, 2)",True,3.3306690738754696e-16,,,,,,,,,,,0,True,1,Titiksha,8,42,0.52.0,3.3.1
3885a9c8-cdf1-411d-bac9-6733d7b78e6b,2026-09-25T01:29:17.314913+00:00,kernelshap,serial,SVM-RBF,15,1,1,100,50,2,86.22022570000263,0.0005490676847218767,1976.6436649987563,,True,,"(100, 15, 2)",True,3.8077180297690916e-16,,,,,,,,,,,0,True,1,Titiksha,8,42,0.52.0,3.3.1
8713c58d-5414-4944-93cc-4ae4876d5114,2026-09-25T01:30:43.637078+00:00,kernelshap,multiprocessing,SVM-RBF,15,1,1,100,50,2,85.23201470001368,0.0005515413844443817,1985.5489839997742,,True,,"(100, 15, 2)",True,3.883612181843077e-16,,,,,,,,,,,0,True,1,Titiksha,8,42,0.52.0,3.3.1
7bde0047-6132-4439-88fc-63b9cf4f533a,2026-09-25T01:32:08.948657+00:00,kernelshap,multiprocessing,SVM-RBF,15,2,2,100,50,2,55.39377389999572,0.00034946619083239816,1258.0782869966333,,True,,"(100, 15, 2)",True,3.8445809036335987e-16,,,,,,,,,,,0,True,1,Titiksha,8,42,0.52.0,3.3.1
0c272175-3d0e-4030-9e38-39d20f0ab25f,2026-09-25T01:33:04.427501+00:00,kernelshap,multiprocessing,SVM-RBF,15,4,4,100,50,2,43.680830999976024,0.00027192215000015896,978.9197400005722,,True,,"(100, 15, 2)",True,3.8445809036335987e-16,,,,,,,,,,,0,True,1,Titiksha,8,42,0.52.0,3.3.1
908ee67d-1363-4c49-89cb-d1315e68a6d7,2026-09-25T01:33:48.191699+00:00,kernelshap,multiprocessing,SVM-RBF,15,8,8,100,50,2,42.364202000026125,0.0002753929572220093,991.4146459992335,,True,,"(100, 15, 2)",True,3.712308238590367e-16,,,,,,,,,,,0,True,1,Titiksha,8,42,0.52.0,3.3.1
ca0d7206-06f0-424d-a561-731b6336853f,2026-09-25T01:34:30.639696+00:00,kernelshap,threading,SVM-RBF,15,1,1,100,50,2,80.76367359998403,0.0005209860475003936,1875.549771001417,,True,,"(100, 15, 2)",True,3.885780586188048e-16,,,,,,,,,,,0,True,1,Titiksha,8,42,0.52.0,3.3.1
4f2d4d8f-e7ce-4e08-adbc-c038dc4ca67b,2026-09-25T01:35:51.492072+00:00,kernelshap,threading,SVM-RBF,15,2,2,100,50,2,52.91058249998605,0.0003342630958335924,1203.3471450009326,,True,,"(100, 15, 2)",True,4.787836793695988e-16,,,,,,,,,,,0,True,1,Titiksha,8,42,0.52.0,3.3.1
faf75339-836f-4b9f-9db5-97569d8b1c68,2026-09-25T01:36:44.481611+00:00,kernelshap,threading,SVM-RBF,15,4,4,100,50,2,41.585598499979824,0.00025520154416697194,918.725559001099,,True,,"(100, 15, 2)",True,3.712308238590367e-16,,,,,,,,,,,0,True,1,Titiksha,8,42,0.52.0,3.3.1
d833c4fb-fc08-4e6e-aec0-e05ddeb7d825,2026-09-25T01:37:26.146433+00:00,kernelshap,threading,SVM-RBF,15,8,8,100,50,2,42.1161243999959,0.0002616678827779273,942.0043780005383,,True,,"(100, 15, 2)",True,3.8445809036335987e-16,,,,,,,,,,,0,True,1,Titiksha,8,42,0.52.0,3.3.1
aaab34c3-61e6-43bb-9ee6-5070c032daaa,2026-09-25T01:38:08.348617+00:00,kernelshap,joblib,SVM-RBF,15,1,1,100,50,2,82.3812590999878,0.000529422686388753,1905.9216709995108,,True,,"(100, 15, 2)",True,3.883612181843077e-16,,,,,,,,,,,0,True,1,Titiksha,8,42,0.52.0,3.3.1
9e2067c6-18c5-44db-a4ef-23ea9bac97b6,2026-09-25T01:39:30.807359+00:00,kernelshap,joblib,SVM-RBF,15,2,2,100,50,2,53.28127159998985,0.00036376442638913487,1309.5519350008856,,True,,"(100, 15, 2)",True,3.8077180297690916e-16,,,,,,,,,,,0,True,1,Titiksha,8,42,0.52.0,3.3.1
736e55a8-f148-4dc5-9719-ec11bb060cc1,2026-09-25T01:40:24.167412+00:00,kernelshap,joblib,SVM-RBF,15,4,4,100,50,2,40.85805609996896,0.0002679315025000406,964.5534090001462,,True,,"(100, 15, 2)",True,3.9302328752599536e-16,,,,,,,,,,,0,True,1,Titiksha,8,42,0.52.0,3.3.1
2f31ea1a-601e-48fa-8af0-fcf93a94e6c7,2026-09-25T01:41:05.110638+00:00,kernelshap,joblib,SVM-RBF,15,8,8,100,50,2,42.60601600003429,0.0002687827599999748,967.6179359999093,,True,,"(100, 15, 2)",True,3.8077180297690916e-16,,,,,,,,,,,0,True,1,Titiksha,8,42,0.52.0,3.3.1
0847de7b-3f3a-445c-9545-43111cbc2747,2026-09-25T01:41:47.861343+00:00,kernelshap,ray,SVM-RBF,15,1,1,100,50,2,89.76930260000518,0.0005570338744444736,2005.321948000105,,True,,"(100, 15, 2)",True,3.8445809036335987e-16,,,,,,,,,,,0,True,1,Titiksha,8,42,0.52.0,3.3.1
d0d08a72-183e-4ed3-a3eb-c70ce744275d,2026-09-25T01:43:17.752328+00:00,kernelshap,ray,SVM-RBF,15,2,2,100,50,2,57.34197369997855,0.0003726724033333295,1341.6206519999862,,True,,"(100, 15, 2)",True,4.787836793695988e-16,,,,,,,,,,,0,True,1,Titiksha,8,42,0.52.0,3.3.1
ebc3b25c-248e-4955-bebf-4e3fd2e55800,2026-09-25T01:44:15.205059+00:00,kernelshap,ray,SVM-RBF,15,4,4,100,50,2,44.219834799994715,0.00029844849138940815,1074.4145690018693,,True,,"(100, 15, 2)",True,3.885780586188048e-16,,,,,,,,,,,0,True,1,Titiksha,8,42,0.52.0,3.3.1
cb30da90-688a-4d0c-a5ed-f3a0af0bfc7e,2026-09-25T01:45:00.069180+00:00,kernelshap,ray,SVM-RBF,15,8,8,100,50,2,47.99464019999141,0.0003161810825000888,1138.2518970003198,,True,,"(100, 15, 2)",True,4.917941054394248e-16,,,,,,,,,,,0,True,1,Titiksha,8,42,0.52.0,3.3.1
004b8afc-eda4-4736-a420-fb5084ee52ea,2026-09-25T01:45:48.177575+00:00,kernelshap,serial,SVM-RBF,30,1,1,100,50,2,105.23299759998918,0.0006722668094442108,2420.160513999159,,True,,"(100, 30, 2)",True,2.5673907444456745e-16,,,,,,,,,,,0,True,1,Titiksha,8,42,0.52.0,3.3.1
ab4ce325-257b-4a74-9b98-49432e213ca3,2026-09-25T01:47:33.490917+00:00,kernelshap,multiprocessing,SVM-RBF,30,1,1,100,50,2,105.1552613999811,0.0006978982380545784,2512.433656996482,,True,,"(100, 30, 2)",True,2.7755575615628914e-16,,,,,,,,,,,0,True,1,Titiksha,8,42,0.52.0,3.3.1
d4fb9626-864a-47d3-a098-6f24a40b8c0c,2026-09-25T01:49:18.728844+00:00,kernelshap,multiprocessing,SVM-RBF,30,2,2,100,50,2,65.1438489999855,0.00044565443611171984,1604.3559700021915,,True,,"(100, 30, 2)",True,4.440892098500626e-16,,,,,,,,,,,0,True,1,Titiksha,8,42,0.52.0,3.3.1
a5ffc581-8308-4080-96ee-d4753c84c4b8,2026-09-25T01:50:23.951527+00:00,kernelshap,multiprocessing,SVM-RBF,30,4,4,100,50,2,50.66418560000602,0.00033366820444521994,1201.2055360027919,,True,,"(100, 30, 2)",True,2.7755575615628914e-16,,,,,,,,,,,0,True,1,Titiksha,8,42,0.52.0,3.3.1
2c3bfd8b-9e58-4295-9cbb-54121a59a096,2026-09-25T01:51:14.698321+00:00,kernelshap,multiprocessing,SVM-RBF,30,8,8,100,50,2,49.12815740000224,0.00033170705888965757,1194.1454120027672,,True,,"(100, 30, 2)",True,2.7755575615628914e-16,,,,,,,,,,,0,True,1,Titiksha,8,42,0.52.0,3.3.1
7fbd44f5-3132-4140-883e-42bf6e89b45c,2026-09-25T01:52:03.914585+00:00,kernelshap,threading,SVM-RBF,30,1,1,100,50,2,103.68134030001238,0.0006755994022216716,2432.1578479980176,,True,,"(100, 30, 2)",True,3.400058012914542e-16,,,,,,,,,,,0,True,1,Titiksha,8,42,0.52.0,3.3.1
f9f9b425-1a50-4ff6-8b2e-fbef378cef65,2026-09-25T01:53:47.682569+00:00,kernelshap,threading,SVM-RBF,30,2,2,100,50,2,75.69609710003715,0.0004911907933331516,1768.2868559993458,,True,,"(100, 30, 2)",True,3.503328269843786e-16,,,,,,,,,,,0,True,1,Titiksha,8,42,0.52.0,3.3.1
be9a2c55-1ee2-4cf2-8d4c-7b617f43f827,2026-09-25T01:55:03.460129+00:00,kernelshap,threading,SVM-RBF,30,4,4,100,50,2,52.33603820001008,0.00033422655555509495,1203.2155999983418,,True,,"(100, 30, 2)",True,3.3306690738754696e-16,,,,,,,,,,,0,True,1,Titiksha,8,42,0.52.0,3.3.1
b9d40f0d-e6e1-4c4b-9517-80744f324bbc,2026-09-25T01:55:55.883478+00:00,kernelshap,threading,SVM-RBF,30,8,8,100,50,2,48.61107460001949,0.0003230942433333772,1163.139276000158,,True,,"(100, 30, 2)",True,2.695326600798964e-16,,,,,,,,,,,0,True,1,Titiksha,8,42,0.52.0,3.3.1
d1a53fa1-5418-451e-949f-1649cd7324b8,2026-09-25T01:56:44.577847+00:00,kernelshap,joblib,SVM-RBF,30,1,1,100,50,2,105.39367989997845,0.0006998748219444184,2519.5493589999064,,True,,"(100, 30, 2)",True,2.766206317825204e-16,,,,,,,,,,,0,True,1,Titiksha,8,42,0.52.0,3.3.1
e70d090e-e155-4e9f-ba56-8b3e17293287,2026-09-25T01:58:30.048046+00:00,kernelshap,joblib,SVM-RBF,30,2,2,100,50,2,67.66111370001454,0.000447514590833753,1611.0525270015107,,True,,"(100, 30, 2)",True,2.918672248330978e-16,,,,,,,,,,,0,True,1,Titiksha,8,42,0.52.0,3.3.1
9aca4b01-80eb-4a1b-ba8a-9b1d2ff3510c,2026-09-25T01:59:37.795883+00:00,kernelshap,joblib,SVM-RBF,30,4,4,100,50,2,48.400800100003835,0.00033278489388899324,1198.0256180003757,,True,,"(100, 30, 2)",True,3.065039541616521e-16,,,,,,,,,,,0,True,1,Titiksha,8,42,0.52.0,3.3.1
e901ded0-f945-428c-b89c-74e1ff5c120e,2026-09-25T02:00:26.286774+00:00,kernelshap,joblib,SVM-RBF,30,8,8,100,50,2,48.154088800016325,0.00032624340111120365,1174.476244000333,,True,,"(100, 30, 2)",True,2.766206317825204e-16,,,,,,,,,,,0,True,1,Titiksha,8,42,0.52.0,3.3.1
d4bf12ae-980f-4cb6-b066-64c368a536b5,2026-09-25T02:01:14.524755+00:00,kernelshap,ray,SVM-RBF,30,1,1,100,50,2,111.36259869998321,0.0007221037822222887,2599.5736160002393,,True,,"(100, 30, 2)",True,2.6281060661048627e-16,,,,,,,,,,,0,True,1,Titiksha,8,42,0.52.0,3.3.1
a143025f-32e4-46df-884c-dd2ac96ab4ab,2026-09-25T02:03:05.996572+00:00,kernelshap,ray,SVM-RBF,30,2,2,100,50,2,62.7108917000005,0.00040569884416657986,1460.5158389996875,,True,,"(100, 30, 2)",True,2.695326600798964e-16,,,,,,,,,,,0,True,1,Titiksha,8,42,0.52.0,3.3.1
5b5dd3e2-db24-4b3f-b9f4-2722286c546c,2026-09-25T02:04:08.817024+00:00,kernelshap,ray,SVM-RBF,30,4,4,100,50,2,45.574343899963424,0.00030362581944470834,1093.05295000095,,True,,"(100, 30, 2)",True,2.766206317825204e-16,,,,,,,,,,,0,True,1,Titiksha,8,42,0.52.0,3.3.1
b798d802-c359-41ed-8dfe-3c559e4701db,2026-09-25T02:04:55.030915+00:00,kernelshap,ray,SVM-RBF,30,8,8,100,50,2,55.88587580004241,0.00036972676138835586,1331.0163409980812,,True,,"(100, 30, 2)",True,2.766206317825204e-16,,,,,,,,,,,0,True,1,Titiksha,8,42,0.52.0,3.3.1
4d43f8bf-201a-46d6-89f0-68a41636e5ed,2026-09-25T02:05:51.049023+00:00,kernelshap,serial,LogisticRegression,15,1,1,100,50,2,5.055504700052552,3.2421223055967285e-05,116.71640300148223,,True,,"(100, 15, 2)",True,4.440892098500626e-16,,,,,,,,,,,0,True,1,Titiksha,8,42,0.52.0,3.3.1
c3fc35bc-f003-4fa4-8d8a-74c334307a91,2026-09-25T02:05:56.197177+00:00,kernelshap,multiprocessing,LogisticRegression,15,1,1,100,50,2,7.2173904000082985,4.661447638815153e-05,167.8121149973455,,True,,"(100, 15, 2)",True,4.440892098500626e-16,,,,,,,,,,,0,True,1,Titiksha,8,42,0.52.0,3.3.1
92ba59ba-60d8-4c26-8069-0f9102128cae,2026-09-25T02:06:03.532167+00:00,kernelshap,multiprocessing,LogisticRegression,15,2,2,100,50,2,6.227206199953798,4.0057272499671726e-05,144.2061809988182,,True,,"(100, 15, 2)",True,4.440892098500626e-16,,,,,,,,,,,0,True,1,Titiksha,8,42,0.52.0,3.3.1
cbe03af7-5fe2-4415-969b-c1d886b93031,2026-09-25T02:06:09.836255+00:00,kernelshap,multiprocessing,LogisticRegression,15,4,4,100,50,2,7.693782499991357,4.8942232777793304e-05,176.1920380000559,,True,,"(100, 15, 2)",True,4.440892098500626e-16,,,,,,,,,,,0,True,1,Titiksha,8,42,0.52.0,3.3.1
a4ee65db-dba6-4e8d-9fe6-67d87d39fea6,2026-09-25T02:06:17.614957+00:00,kernelshap,multiprocessing,LogisticRegression,15,8,8,100,50,2,9.485692799964454,6.074394999944221e-05,218.67821999799196,,True,,"(100, 15, 2)",True,4.440892098500626e-16,,,,,,,,,,,0,True,1,Titiksha,8,42,0.52.0,3.3.1
b8930ad1-d198-497a-9540-a5d09b051ca1,2026-09-25T02:06:27.191648+00:00,kernelshap,threading,LogisticRegression,15,1,1,100,50,2,5.098005799984094,3.14338638889855e-05,113.1619100003478,,True,,"(100, 15, 2)",True,4.440892098500626e-16,,,,,,,,,,,0,True,1,Titiksha,8,42,0.52.0,3.3.1
55a3420f-4782-47e7-8913-3374a4ba88bf,2026-09-25T02:06:32.380805+00:00,kernelshap,threading,LogisticRegression,15,2,2,100,50,2,6.067581399984192,3.831215388866438e-05,137.92375399919177,,True,,"(100, 15, 2)",True,4.440892098500626e-16,,,,,,,,,,,0,True,1,Titiksha,8,42,0.52.0,3.3.1
534634e8-2455-4842-8a9a-e767930080d6,2026-09-25T02:06:38.570973+00:00,kernelshap,threading,LogisticRegression,15,4,4,100,50,2,10.500176200002898,6.571122388879247e-05,236.5604059996529,,True,,"(100, 15, 2)",True,4.440892098500626e-16,,,,,,,,,,,0,True,1,Titiksha,8,42,0.52.0,3.3.1
09b98bdc-c811-4797-8131-9a824d173ccb,2026-09-25T02:06:49.151656+00:00,kernelshap,threading,LogisticRegression,15,8,8,100,50,2,11.499443999957293,7.162312972258666e-05,257.843267001312,,True,,"(100, 15, 2)",True,4.440892098500626e-16,,,,,,,,,,,0,True,1,Titiksha,8,42,0.52.0,3.3.1
461425ba-b2a9-4b4a-b71e-b3f736f839db,2026-09-25T02:07:00.736398+00:00,kernelshap,joblib,LogisticRegression,15,1,1,100,50,2,5.0050260000280105,3.09093894447221e-05,111.27380200099957,,True,,"(100, 15, 2)",True,4.440892098500626e-16,,,,,,,,,,,0,True,1,Titiksha,8,42,0.52.0,3.3.1
f23f80a6-2ae6-4f48-a68a-fa90ff8f5be6,2026-09-25T02:07:05.823202+00:00,kernelshap,joblib,LogisticRegression,15,2,2,100,50,2,5.91166429995792,3.806779583295783e-05,137.0440649986482,,True,,"(100, 15, 2)",True,4.440892098500626e-16,,,,,,,,,,,0,True,1,Titiksha,8,42,0.52.0,3.3.1
1e3c7939-31f9-4767-bb49-dc3dbfa7dc98,2026-09-25T02:07:11.815027+00:00,kernelshap,joblib,LogisticRegression,15,4,4,100,50,2,6.738539199985098,4.3786541388923794e-05,157.63154900012566,,True,,"(100, 15, 2)",True,4.440892098500626e-16,,,,,,,,,,,0,True,1,Titiksha,8,42,0.52.0,3.3.1
ad90d913-311d-4622-ace7-960da226c205,2026-09-25T02:07:18.691569+00:00,kernelshap,joblib,LogisticRegression,15,8,8,100,50,2,9.164808299974538,5.89791805551132e-05,212.3250499984075,,True,,"(100, 15, 2)",True,4.440892098500626e-16,,,,,,,,,,,0,True,1,Titiksha,8,42,0.52.0,3.3.1
c90a5f41-3887-4823-9350-06f5e76de09e,2026-09-25T02:07:27.989460+00:00,kernelshap,ray,LogisticRegression,15,1,1,100,50,2,10.94280079996679,6.923806750025463e-05,249.25704300091667,,True,,"(100, 15, 2)",True,4.440892098500626e-16,,,,,,,,,,,0,True,1,Titiksha,8,42,0.52.0,3.3.1
01576898-2811-4cad-9e6b-a6f6833f8f9d,2026-09-25T02:07:39.090357+00:00,kernelshap,ray,LogisticRegression,15,2,2,100,50,2,10.02463830000488,6.262556833333544e-05,225.45204600000756,,True,,"(100, 15, 2)",True,4.440892098500626e-16,,,,,,,,,,,0,True,1,Titiksha,8,42,0.52.0,3.3.1
8d00bdc1-447c-4a00-aa28-5efaf54bbe0e,2026-09-25T02:07:49.226840+00:00,kernelshap,ray,LogisticRegression,15,4,4,100,50,2,10.599277200002689,6.518023694374042e-05,234.64885299746553,,True,,"(100, 15, 2)",True,4.440892098500626e-16,,,,,,,,,,,0,True,1,Titiksha,8,42,0.52.0,3.3.1
aa6e0027-4a8a-4b25-884d-a595063d8326,2026-09-25T02:07:59.952536+00:00,kernelshap,ray,LogisticRegression,15,8,8,100,50,2,14.725130999984685,9.035093472312129e-05,325.26336500323663,,True,,"(100, 15, 2)",True,4.440892098500626e-16,,,,,,,,,,,0,True,1,Titiksha,8,42,0.52.0,3.3.1
1d69d81a-8558-4074-a236-0abfa23b3fad,2026-09-25T02:08:15.529448+00:00,kernelshap,serial,LogisticRegression,30,1,1,100,50,2,6.617369699990377,4.109181888906077e-05,147.93054800061878,,True,,"(100, 30, 2)",True,4.440892098500626e-16,,,,,,,,,,,0,True,1,Titiksha,8,42,0.52.0,3.3.1
f0ca983d-478d-45f9-a4a6-2efcef2c63da,2026-09-25T02:08:22.233979+00:00,kernelshap,multiprocessing,LogisticRegression,30,1,1,100,50,2,8.932443699974101,5.4494690555545455e-05,196.18088599996364,,True,,"(100, 30, 2)",True,4.440892098500626e-16,,,,,,,,,,,0,True,1,Titiksha,8,42,0.52.0,3.3.1
b79f42ad-0256-467d-8f94-3852aa03bb1b,2026-09-25T02:08:31.246178+00:00,kernelshap,multiprocessing,LogisticRegression,30,2,2,100,50,2,7.408384799957275,4.533892305541576e-05,163.22012299949674,,True,,"(100, 30, 2)",True,4.440892098500626e-16,,,,,,,,,,,0,True,1,Titiksha,8,42,0.52.0,3.3.1
73aec2d1-cd41-47be-b521-30eefa4f9ea4,2026-09-25T02:08:38.732183+00:00,kernelshap,multiprocessing,LogisticRegression,30,4,4,100,50,2,8.099973000003956,4.955204138915037e-05,178.38734900094133,,True,,"(100, 30, 2)",True,3.885780586188048e-16,,,,,,,,,,,0,True,1,Titiksha,8,42,0.52.0,3.3.1
29407e98-3dda-4c79-9fb3-7b5fbcdfb97c,2026-09-25T02:08:46.921646+00:00,kernelshap,multiprocessing,LogisticRegression,30,8,8,100,50,2,10.966112099995371,6.733891666610425e-05,242.4200999979753,,True,,"(100, 30, 2)",True,4.440892098500626e-16,,,,,,,,,,,0,True,1,Titiksha,8,42,0.52.0,3.3.1
75df28ab-e973-4fd4-b1d4-f12ed0dc09cd,2026-09-25T02:08:57.974935+00:00,kernelshap,threading,LogisticRegression,30,1,1,100,50,2,6.685130600002594,4.0039414721887434e-05,144.14189299879476,,True,,"(100, 30, 2)",True,4.440892098500626e-16,,,,,,,,,,,0,True,1,Titiksha,8,42,0.52.0,3.3.1
93dd3002-3967-430f-8e79-b5f491345ebd,2026-09-25T02:09:04.762745+00:00,kernelshap,threading,LogisticRegression,30,2,2,100,50,2,8.837726700003259,5.5647324999186225e-05,200.33036999707042,,True,,"(100, 30, 2)",True,4.996003610813204e-16,,,,,,,,,,,0,True,1,Titiksha,8,42,0.52.0,3.3.1
313179db-d6ab-4200-90d4-b7be92f0ee17,2026-09-25T02:09:13.681648+00:00,kernelshap,threading,LogisticRegression,30,4,4,100,50,2,11.48101249994943,7.188167361116271e-05,258.77402500018576,,True,,"(100, 30, 2)",True,4.440892098500626e-16,,,,,,,,,,,0,True,1,Titiksha,8,42,0.52.0,3.3.1
1f13299c-9107-4019-9a18-09249ad7fe76,2026-09-25T02:09:25.259728+00:00,kernelshap,threading,LogisticRegression,30,8,8,100,50,2,12.629943400039338,7.932564694412836e-05,285.5723289988621,,True,,"(100, 30, 2)",True,4.440892098500626e-16,,,,,,,,,,,0,True,1,Titiksha,8,42,0.52.0,3.3.1
8b667fde-ee3e-4552-89a1-d09e223a0451,2026-09-25T02:09:37.973074+00:00,kernelshap,joblib,LogisticRegression,30,1,1,100,50,2,6.42239649995463,4.094459166709141e-05,147.4005300015291,,True,,"(100, 30, 2)",True,4.440892098500626e-16,,,,,,,,,,,0,True,1,Titiksha,8,42,0.52.0,3.3.1
8c346442-aa93-4f15-a1b2-f2ba64781d89,2026-09-25T02:09:44.479812+00:00,kernelshap,joblib,LogisticRegression,30,2,2,100,50,2,7.790592000004835,5.0612269167332746e-05,182.2041690023979,,True,,"(100, 30, 2)",True,4.440892098500626e-16,,,,,,,,,,,0,True,1,Titiksha,8,42,0.52.0,3.3.1
706da56b-f77f-4a21-8793-9e64412d681a,2026-09-25T02:09:52.353174+00:00,kernelshap,joblib,LogisticRegression,30,4,4,100,50,2,7.52473150001606,4.8640082777801075e-05,175.10429800008387,,True,,"(100, 30, 2)",True,4.996003610813204e-16,,,,,,,,,,,0,True,1,Titiksha,8,42,0.52.0,3.3.1
78702fb8-609c-42df-8907-cbe195c6e381,2026-09-25T02:09:59.978378+00:00,kernelshap,joblib,LogisticRegression,30,8,8,100,50,2,9.940882799972314,6.304851222216357e-05,226.97464399978884,,True,,"(100, 30, 2)",True,4.440892098500626e-16,,,,,,,,,,,0,True,1,Titiksha,8,42,0.52.0,3.3.1
db8dc944-a2c3-4716-8370-1467d7c595ae,2026-09-25T02:10:10.035353+00:00,kernelshap,ray,LogisticRegression,30,1,1,100,50,2,12.428321600018535,7.655764027736378e-05,275.6075049985096,,True,,"(100, 30, 2)",True,4.440892098500626e-16,,,,,,,,,,,0,True,1,Titiksha,8,42,0.52.0,3.3.1
c9cb0e51-e61d-4ff1-9c37-ef8f5c7b1c6e,2026-09-25T02:10:22.645655+00:00,kernelshap,ray,LogisticRegression,30,2,2,100,50,2,10.959411500021815,6.842129055550927e-05,246.31664599983338,,True,,"(100, 30, 2)",True,3.885780586188048e-16,,,,,,,,,,,0,True,1,Titiksha,8,42,0.52.0,3.3.1
b7322abf-e568-4d52-bcfd-53b422ace204,2026-09-25T02:10:33.717613+00:00,kernelshap,ray,LogisticRegression,30,4,4,100,50,2,11.725059000018518,7.17249802772435e-05,258.2099289980766,,True,,"(100, 30, 2)",True,3.3306690738754696e-16,,,,,,,,,,,0,True,1,Titiksha,8,42,0.52.0,3.3.1
95b30d6c-939a-4498-a705-9f0c16725c9b,2026-09-25T02:10:45.576423+00:00,kernelshap,ray,LogisticRegression,30,8,8,100,50,2,14.628933399973903,8.809858611097399e-05,317.15490999950634,,True,,"(100, 30, 2)",True,3.885780586188048e-16,,,,,,,,,,,0,True,1,Titiksha,8,42,0.52.0,3.3.1
45714235-e316-48a1-ad43-05954738b52c,2026-09-25T02:11:00.339930+00:00,kernelshap,serial,SVM-RBF,15,1,1,100,100,2,169.87800060003065,0.001072893262221486,3862.4157439973496,,True,,"(100, 15, 2)",True,5.04045589988511e-16,,,,,,,,,,,0,True,1,Titiksha,8,42,0.52.0,3.3.1
e5090d99-7e27-4a24-982c-b1541f7766ba,2026-09-25T02:13:50.321384+00:00,kernelshap,multiprocessing,SVM-RBF,15,1,1,100,100,2,162.52218909998192,0.0010517040513886022,3786.134584998968,,True,,"(100, 15, 2)",True,5.568462357885551e-16,,,,,,,,,,,0,True,1,Titiksha,8,42,0.52.0,3.3.1
b741ee27-ac3c-4ec5-b4f0-2f076c3fb259,2026-09-25T02:16:32.926078+00:00,kernelshap,multiprocessing,SVM-RBF,15,2,2,100,100,2,103.77890320000006,0.0006679466636108911,2404.607988999208,,True,,"(100, 15, 2)",True,4.996003610813204e-16,,,,,,,,,,,0,True,1,Titiksha,8,42,0.52.0,3.3.1
6d04b44e-4000-460d-befb-225f8fe360a6,2026-09-25T02:18:16.786418+00:00,kernelshap,multiprocessing,SVM-RBF,15,4,4,100,100,2,74.67931480001425,0.0004979213024996765,1792.5166889988352,,True,,"(100, 15, 2)",True,4.787836793695988e-16,,,,,,,,,,,0,True,1,Titiksha,8,42,0.52.0,3.3.1
7b8c8c1d-7c98-494a-bc84-6008b580c577,2026-09-25T02:19:31.553102+00:00,kernelshap,multiprocessing,SVM-RBF,15,8,8,100,100,2,73.71649040002376,0.0004852895158331816,1747.0422569994537,,True,,"(100, 15, 2)",True,4.917941054394248e-16,,,,,,,,,,,0,True,1,Titiksha,8,42,0.52.0,3.3.1
db102b1b-13c4-4e61-acbe-cc4d6393c657,2026-09-25T02:20:45.356817+00:00,kernelshap,threading,SVM-RBF,15,1,1,100,100,2,160.57281959999818,0.0009865471952779648,3551.569903000673,,True,,"(100, 15, 2)",True,4.993835206468233e-16,,,,,,,,,,,0,True,1,Titiksha,8,42,0.52.0,3.3.1
dce0b878-82e2-4e79-819f-b5992ee7445a,2026-09-25T02:23:26.028775+00:00,kernelshap,threading,SVM-RBF,15,2,2,100,100,2,102.77383429999463,0.0006379669294443724,2296.6809459997407,,True,,"(100, 15, 2)",True,4.993835206468233e-16,,,,,,,,,,,0,True,1,Titiksha,8,42,0.52.0,3.3.1
0d36224e-d0af-42b3-a281-4008fe00e091,2026-09-25T02:25:08.886843+00:00,kernelshap,threading,SVM-RBF,15,4,4,100,100,2,74.6583968999912,0.0004950924852771543,1782.3329469977555,,True,,"(100, 15, 2)",True,4.996003610813204e-16,,,,,,,,,,,0,True,1,Titiksha,8,42,0.52.0,3.3.1
c4b16752-4e17-436c-84f2-2c3712ee59ab,2026-09-25T02:26:23.627491+00:00,kernelshap,threading,SVM-RBF,15,8,8,100,100,2,66.90219160000561,0.00045834850944420635,1650.0546339991429,,True,,"(100, 15, 2)",True,6.019490461639521e-16,,,,,,,,,,,0,True,1,Titiksha,8,42,0.52.0,3.3.1
4baf1b3c-a2d1-42c0-901b-ba6f8f787379,2026-09-25T02:27:30.612769+00:00,kernelshap,joblib,SVM-RBF,15,1,1,100,100,2,163.41951069998322,0.0010263748041663967,3694.949294999028,,True,,"(100, 15, 2)",True,4.996003610813204e-16,,,,,,,,,,,0,True,1,Titiksha,8,42,0.52.0,3.3.1
6b1375e6-900c-4332-ae5a-7a56a6729dd2,2026-09-25T02:30:14.114849+00:00,kernelshap,joblib,SVM-RBF,15,2,2,100,100,2,112.2339991000481,0.0006898409419446582,2483.4273910007696,,True,,"(100, 15, 2)",True,5.711577044653637e-16,,,,,,,,,,,0,True,1,Titiksha,8,42,0.52.0,3.3.1
50b28389-54b7-416f-890b-1025114f7355,2026-09-25T02:32:06.431140+00:00,kernelshap,joblib,SVM-RBF,15,4,4,100,100,2,82.05530219996581,0.0005347353247215358,1925.047168997529,,True,,"(100, 15, 2)",True,5.898059818321144e-16,,,,,,,,,,,0,True,1,Titiksha,8,42,0.52.0,3.3.1
19363c40-bb5e-48e4-a14a-6ff391a11135,2026-09-25T02:33:28.574701+00:00,kernelshap,joblib,SVM-RBF,15,8,8,100,100,2,69.76036969997222,0.00046866017583252484,1687.1766329970894,,True,,"(100, 15, 2)",True,4.996003610813204e-16,,,,,,,,,,,0,True,1,Titiksha,8,42,0.52.0,3.3.1
2fd7d492-8ac2-46a2-ab57-ebadc3aa6a5d,2026-09-25T02:34:38.433533+00:00,kernelshap,ray,SVM-RBF,15,1,1,100,100,2,166.7170219999971,0.0010725653844447791,3861.2353840012047,,True,,"(100, 15, 2)",True,4.993835206468233e-16,,,,,,,,,,,0,True,1,Titiksha,8,42,0.52.0,3.3.1
eef5131b-a0c1-4026-828a-10bafc8185a3,2026-09-25T02:37:25.270279+00:00,kernelshap,ray,SVM-RBF,15,2,2,100,100,2,107.49280629999703,0.0007141481180555354,2570.9332249999275,,True,,"(100, 15, 2)",True,5.898059818321144e-16,,,,,,,,,,,0,True,1,Titiksha,8,42,0.52.0,3.3.1
4a413c76-3674-4e18-94fa-7867dbdb82ab,2026-09-25T02:39:12.870493+00:00,kernelshap,ray,SVM-RBF,15,4,4,100,100,2,82.02294629998505,0.0005192632350002058,1869.3476460007407,,True,,"(100, 15, 2)",True,4.993835206468233e-16,,,,,,,,,,,0,True,1,Titiksha,8,42,0.52.0,3.3.1
25603584-b063-4806-9bf3-780f19de47e6,2026-09-25T02:40:35.009789+00:00,kernelshap,ray,SVM-RBF,15,8,8,100,100,2,83.43982410000172,0.000549544436667021,1978.3599720012758,,True,,"(100, 15, 2)",True,6.028164079019405e-16,,,,,,,,,,,0,True,1,Titiksha,8,42,0.52.0,3.3.1
2f26e04d-efd7-454a-851a-736bd71d3930,2026-09-25T02:41:58.569160+00:00,kernelshap,serial,SVM-RBF,30,1,1,100,100,2,208.36444020003546,0.001380764516666716,4970.752260000178,,True,,"(100, 30, 2)",True,2.766206317825204e-16,,,,,,,,,,,0,True,1,Titiksha,8,42,0.52.0,3.3.1
8174ebe9-e138-43e1-bf62-b7233d5e1ce0,2026-09-25T02:45:27.023407+00:00,kernelshap,multiprocessing,SVM-RBF,30,1,1,100,100,2,203.69611259998055,0.0013624602236113612,4904.856805000901,,True,,"(100, 30, 2)",True,3.3306690738754696e-16,,,,,,,,,,,0,True,1,Titiksha,8,42,0.52.0,3.3.1
d21f62bf-41bc-4756-9f3c-407665349674,2026-09-25T02:48:50.798925+00:00,kernelshap,multiprocessing,SVM-RBF,30,2,2,100,100,2,130.65425010002218,0.0008480821447224285,3053.0957210007427,,True,,"(100, 30, 2)",True,3.3306690738754696e-16,,,,,,,,,,,0,True,1,Titiksha,8,42,0.52.0,3.3.1
a6da9ab8-9c95-419c-8be2-b42a8b1025f0,2026-09-25T02:51:01.532241+00:00,kernelshap,multiprocessing,SVM-RBF,30,4,4,100,100,2,95.05330829997547,0.0006195478761107098,2230.3723539985554,,True,,"(100, 30, 2)",True,3.885780586188048e-16,,,,,,,,,,,0,True,1,Titiksha,8,42,0.52.0,3.3.1
70e0718d-c009-45dc-80f3-73c66ba1009e,2026-09-25T02:52:36.669773+00:00,kernelshap,multiprocessing,SVM-RBF,30,8,8,100,100,2,89.34615699999267,0.000612341402499439,2204.4290489979803,,True,,"(100, 30, 2)",True,3.3306690738754696e-16,,,,,,,,,,,0,True,1,Titiksha,8,42,0.52.0,3.3.1
006f4b95-434e-4b63-a33e-f5c8160683b5,2026-09-25T02:54:06.103268+00:00,kernelshap,threading,SVM-RBF,30,1,1,100,100,2,209.24087949999375,0.0013340559113891037,4802.601281000773,,True,,"(100, 30, 2)",True,2.766206317825204e-16,,,,,,,,,,,0,True,1,Titiksha,8,42,0.52.0,3.3.1
7968451d-b581-47d6-8985-807d17eef8ff,2026-09-25T02:57:35.439698+00:00,kernelshap,threading,SVM-RBF,30,2,2,100,100,2,125.18469919997733,0.0008336380050000813,3001.096818000293,,True,,"(100, 30, 2)",True,2.918672248330978e-16,,,,,,,,,,,0,True,1,Titiksha,8,42,0.52.0,3.3.1
156c6612-8ccb-4bd7-8873-0ea06a91bd20,2026-09-25T02:59:40.709247+00:00,kernelshap,threading,SVM-RBF,30,4,4,100,100,2,95.81912440003362,0.0006099445058334596,2195.8002210004547,,True,,"(100, 30, 2)",True,3.3306690738754696e-16,,,,,,,,,,,0,True,1,Titiksha,8,42,0.52.0,3.3.1
effbf25f-1ae4-41fe-9fd7-1babddaedc57,2026-09-25T03:01:16.651688+00:00,kernelshap,threading,SVM-RBF,30,8,8,100,100,2,89.62045599997509,0.0005866021441675029,2111.7677190030104,,True,,"(100, 30, 2)",True,2.7755575615628914e-16,,,,,,,,,,,0,True,1,Titiksha,8,42,0.52.0,3.3.1
2d5a1f6b-9d18-4219-9f88-8aa211d0cd14,2026-09-25T03:02:46.356981+00:00,kernelshap,joblib,SVM-RBF,30,1,1,100,100,2,205.6098181999987,0.00133640179694422,4811.046468999191,,True,,"(100, 30, 2)",True,2.695326600798964e-16,,,,,,,,,,,0,True,1,Titiksha,8,42,0.52.0,3.3.1
35710b65-5a5d-45a9-9f60-6347d3b62135,2026-09-25T03:06:12.052011+00:00,kernelshap,joblib,SVM-RBF,30,2,2,100,100,2,139.9638125000056,0.0008973451299998103,3230.442467999317,,True,,"(100, 30, 2)",True,2.695326600798964e-16,,,,,,,,,,,0,True,1,Titiksha,8,42,0.52.0,3.3.1
0d994b42-ab0a-4384-98f8-9e9a252cb20b,2026-09-25T03:08:32.108330+00:00,kernelshap,joblib,SVM-RBF,30,4,4,100,100,2,97.96409789996687,0.0006495147099998821,2338.2529559995755,,True,,"(100, 30, 2)",True,2.766206317825204e-16,,,,,,,,,,,0,True,1,Titiksha,8,42,0.52.0,3.3.1
b9c47235-d901-47e1-a5ea-dfe1ad267e1f,2026-09-25T03:10:10.159400+00:00,kernelshap,joblib,SVM-RBF,30,8,8,100,100,2,99.48639650002588,0.0006200407430550227,2232.1466749980814,,True,,"(100, 30, 2)",True,3.7448343037649323e-16,,,,,,,,,,,0,True,1,Titiksha,8,42,0.52.0,3.3.1
28be1b2f-b110-4dce-8719-e2ab04682518,2026-09-25T03:11:49.738349+00:00,kernelshap,ray,SVM-RBF,30,1,1,100,100,2,179.4924887000234,0.0011505714538888046,4142.057233999696,,True,,"(100, 30, 2)",True,2.5673907444456745e-16,,,,,,,,,,,0,True,1,Titiksha,8,42,0.52.0,3.3.1
ac644549-464b-4171-bd33-38234c3a7d31,2026-09-25T03:14:49.350508+00:00,kernelshap,ray,SVM-RBF,30,2,2,100,100,2,112.98651509999763,0.0007360976833329369,2649.9516599985727,,True,,"(100, 30, 2)",True,2.7755575615628914e-16,,,,,,,,,,,0,True,1,Titiksha,8,42,0.52.0,3.3.1
13728171-e3c6-4d15-9656-48dff142b9f3,2026-09-25T03:16:42.443194+00:00,kernelshap,ray,SVM-RBF,30,4,4,100,100,2,93.28018520004116,0.0005725768538885623,2061.276673998824,,True,,"(100, 30, 2)",True,3.8764293424503604e-16,,,,,,,,,,,0,True,1,Titiksha,8,42,0.52.0,3.3.1
a1981f00-74c5-4c66-865b-ff848b21211a,2026-09-25T03:18:16.377985+00:00,kernelshap,ray,SVM-RBF,30,8,8,100,100,2,98.03332829999272,0.0006282320569439004,2261.6354049980414,,True,,"(100, 30, 2)",True,3.3306690738754696e-16,,,,,,,,,,,0,True,1,Titiksha,8,42,0.52.0,3.3.1
7530f670-c146-4bb0-9749-fac48611fd9a,2026-09-25T03:19:54.535169+00:00,kernelshap,serial,LogisticRegression,15,1,1,100,100,2,6.3961831999477,4.078522666733919e-05,146.82681600242108,,True,,"(100, 15, 2)",True,4.440892098500626e-16,,,,,,,,,,,0,True,1,Titiksha,8,42,0.52.0,3.3.1
67b2a4bc-3646-422b-ac4d-3e53dd4dc671,2026-09-25T03:20:01.025219+00:00,kernelshap,multiprocessing,LogisticRegression,15,1,1,100,100,2,8.742267800029367,5.58554980560344e-05,201.07979300172386,,True,,"(100, 15, 2)",True,4.440892098500626e-16,,,,,,,,,,,0,True,1,Titiksha,8,42,0.52.0,3.3.1
0a7b1193-f541-4cc9-afcf-acb97a311535,2026-09-25T03:20:09.874371+00:00,kernelshap,multiprocessing,LogisticRegression,15,2,2,100,100,2,7.3218586999573745,4.616194555509545e-05,166.18300399834362,,True,,"(100, 15, 2)",True,4.440892098500626e-16,,,,,,,,,,,0,True,1,Titiksha,8,42,0.52.0,3.3.1
478be460-1ab1-4ed1-bf50-86a4698b45b7,2026-09-25T03:20:17.273711+00:00,kernelshap,multiprocessing,LogisticRegression,15,4,4,100,100,2,7.801492300000973,4.878564555541032e-05,175.62832399947715,,True,,"(100, 15, 2)",True,3.3306690738754696e-16,,,,,,,,,,,0,True,1,Titiksha,8,42,0.52.0,3.3.1
14d09031-b914-4859-8538-0039689128a9,2026-09-25T03:20:25.158782+00:00,kernelshap,multiprocessing,LogisticRegression,15,8,8,100,100,2,10.38035500003025,6.584870000064802e-05,237.05532000233288,,True,,"(100, 15, 2)",True,4.440892098500626e-16,,,,,,,,,,,0,True,1,Titiksha,8,42,0.52.0,3.3.1
eeb025f0-388b-4c5b-abfe-47ab000b419e,2026-09-25T03:20:35.629832+00:00,kernelshap,threading,LogisticRegression,15,1,1,100,100,2,6.510277799970936,3.995219499991487e-05,143.82790199969352,,True,,"(100, 15, 2)",True,4.440892098500626e-16,,,,,,,,,,,0,True,1,Titiksha,8,42,0.52.0,3.3.1
5592e8f2-4acf-4422-ac9d-95e61b5b6142,2026-09-25T03:20:42.239907+00:00,kernelshap,threading,LogisticRegression,15,2,2,100,100,2,8.35859719995642,5.1367732221974105e-05,184.92383599910679,,True,,"(100, 15, 2)",True,4.440892098500626e-16,,,,,,,,,,,0,True,1,Titiksha,8,42,0.52.0,3.3.1
6049271f-8fc8-471c-8ff5-29a802cb2f7d,2026-09-25T03:20:50.675724+00:00,kernelshap,threading,LogisticRegression,15,4,4,100,100,2,11.14044119999744,6.872025638873791e-05,247.3929229994565,,True,,"(100, 15, 2)",True,3.3306690738754696e-16,,,,,,,,,,,0,True,1,Titiksha,8,42,0.52.0,3.3.1
1fc4626d-698c-47b9-a2cd-cdff0991f9c4,2026-09-25T03:21:01.901787+00:00,kernelshap,threading,LogisticRegression,15,8,8,100,100,2,12.460077099967748,7.616310388830483e-05,274.1871739978974,,True,,"(100, 15, 2)",True,4.440892098500626e-16,,,,,,,,,,,0,True,1,Titiksha,8,42,0.52.0,3.3.1
c0c3ba42-45e0-4a6f-ae76-2fd90ae560f0,2026-09-25T03:21:14.451096+00:00,kernelshap,joblib,LogisticRegression,15,1,1,100,100,2,6.342183400003705,3.996108833334566e-05,143.8599180000444,,True,,"(100, 15, 2)",True,4.440892098500626e-16,,,,,,,,,,,0,True,1,Titiksha,8,42,0.52.0,3.3.1
a91308a2-f74f-4fe7-b402-68eaecd653c0,2026-09-25T03:21:20.875787+00:00,kernelshap,joblib,LogisticRegression,15,2,2,100,100,2,6.833657200040761,4.328741083359233e-05,155.8346790009324,,True,,"(100, 15, 2)",True,3.3306690738754696e-16,,,,,,,,,,,0,True,1,Titiksha,8,42,0.52.0,3.3.1
c901b892-2a8d-44dd-8071-fc88344e04c3,2026-09-25T03:21:27.789570+00:00,kernelshap,joblib,LogisticRegression,15,4,4,100,100,2,7.606031399976928,4.805831222176593e-05,173.00992399835735,,True,,"(100, 15, 2)",True,4.440892098500626e-16,,,,,,,,,,,0,True,1,Titiksha,8,42,0.52.0,3.3.1
90ded220-a556-432d-93c9-97aa9efa9ce9,2026-09-25T03:21:35.520813+00:00,kernelshap,joblib,LogisticRegression,15,8,8,100,100,2,9.910698499996215,6.264179611051301e-05,225.51046599784686,,True,,"(100, 15, 2)",True,4.440892098500626e-16,,,,,,,,,,,0,True,1,Titiksha,8,42,0.52.0,3.3.1
6f32a41c-5660-44c6-87a8-4c0441bedb4c,2026-09-25T03:21:45.550122+00:00,kernelshap,ray,LogisticRegression,15,1,1,100,100,2,12.230435199977364,7.704416138840098e-05,277.3589809982435,,True,,"(100, 15, 2)",True,4.440892098500626e-16,,,,,,,,,,,0,True,1,Titiksha,8,42,0.52.0,3.3.1
4564cbc8-577e-4d80-a1f9-33a08970cdc8,2026-09-25T03:21:57.939025+00:00,kernelshap,ray,LogisticRegression,15,2,2,100,100,2,10.684473900008015,6.781432333322068e-05,244.13156399959445,,True,,"(100, 15, 2)",True,3.3306690738754696e-16,,,,,,,,,,,0,True,1,Titiksha,8,42,0.52.0,3.3.1
e802f573-8491-4a75-99ac-db82edbee828,2026-09-25T03:22:08.735224+00:00,kernelshap,ray,LogisticRegression,15,4,4,100,100,2,11.295276699995156,7.093418527770456e-05,255.36306699973642,,True,,"(100, 15, 2)",True,3.3306690738754696e-16,,,,,,,,,,,0,True,1,Titiksha,8,42,0.52.0,3.3.1
2bf6b4d1-a335-4e0c-9e6b-85bef43e052e,2026-09-25T03:22:20.151213+00:00,kernelshap,ray,LogisticRegression,15,8,8,100,100,2,14.269700400007423,9.04482488888747e-05,325.61369599994896,,True,,"(100, 15, 2)",True,3.3306690738754696e-16,,,,,,,,,,,0,True,1,Titiksha,8,42,0.52.0,3.3.1
56636fa9-fc3e-44e0-9166-c3d7527c31c6,2026-09-25T03:22:34.599710+00:00,kernelshap,serial,LogisticRegression,30,1,1,100,100,2,9.313806299993303,5.731096527725188e-05,206.31947499810676,,True,,"(100, 30, 2)",True,4.440892098500626e-16,,,,,,,,,,,0,True,1,Titiksha,8,42,0.52.0,3.3.1
280c2237-a391-429a-b573-4275c5f7c0a8,2026-09-25T03:22:44.039440+00:00,kernelshap,multiprocessing,LogisticRegression,30,1,1,100,100,2,11.460297400015406,7.049028999972506e-05,253.76504399901023,,True,,"(100, 30, 2)",True,3.885780586188048e-16,,,,,,,,,,,0,True,1,Titiksha,8,42,0.52.0,3.3.1
3d6f041c-57d4-4ba7-a7d5-bd8e9c3e3d02,2026-09-25T03:22:55.596934+00:00,kernelshap,multiprocessing,LogisticRegression,30,2,2,100,100,2,9.412937999994028,5.7733829721934304e-05,207.8417869989635,,True,,"(100, 30, 2)",True,3.3306690738754696e-16,,,,,,,,,,,0,True,1,Titiksha,8,42,0.52.0,3.3.1
650e7c61-7254-464e-a6ef-fc055a433873,2026-09-25T03:23:05.092101+00:00,kernelshap,multiprocessing,LogisticRegression,30,4,4,100,100,2,9.437447500007693,5.7695099722837595e-05,207.70235900221533,,True,,"(100, 30, 2)",True,3.3306690738754696e-16,,,,,,,,,,,0,True,1,Titiksha,8,42,0.52.0,3.3.1
46aade79-f15e-4926-83af-5743e5ddd396,2026-09-25T03:23:14.618764+00:00,kernelshap,multiprocessing,LogisticRegression,30,8,8,100,100,2,12.02120819996344,7.352332833310271e-05,264.68398199916976,,True,,"(100, 30, 2)",True,3.7816971776294395e-16,,,,,,,,,,,0,True,1,Titiksha,8,42,0.52.0,3.3.1
b09d79f7-e8d7-4537-b9ad-5fd19c7fddb6,2026-09-25T03:23:26.741074+00:00,kernelshap,threading,LogisticRegression,30,1,1,100,100,2,9.408789900015108,5.638202416730076e-05,202.97528700228273,,True,,"(100, 30, 2)",True,4.440892098500626e-16,,,,,,,,,,,0,True,1,Titiksha,8,42,0.52.0,3.3.1
40c44934-b9da-451a-88c2-32d0c51b85e5,2026-09-25T03:23:36.310146+00:00,kernelshap,threading,LogisticRegression,30,2,2,100,100,2,10.998702800017782,6.746228638909724e-05,242.86423100075007,,True,,"(100, 30, 2)",True,4.440892098500626e-16,,,,,,,,,,,0,True,1,Titiksha,8,42,0.52.0,3.3.1
2b48a9f2-37fc-445d-82b2-7710048b13e9,2026-09-25T03:23:47.387823+00:00,kernelshap,threading,LogisticRegression,30,4,4,100,100,2,13.331219599989709,8.150010361090976e-05,293.40037299927513,,True,,"(100, 30, 2)",True,3.3306690738754696e-16,,,,,,,,,,,0,True,1,Titiksha,8,42,0.52.0,3.3.1
4794a993-f463-4bbc-92a3-3ce2d0830e98,2026-09-25T03:24:00.809938+00:00,kernelshap,threading,LogisticRegression,30,8,8,100,100,2,14.552630799997132,8.89864194449641e-05,320.3511100018708,,True,,"(100, 30, 2)",True,3.7816971776294395e-16,,,,,,,,,,,0,True,1,Titiksha,8,42,0.52.0,3.3.1
53b5afb8-fb1c-4bda-959d-0b6dbb167406,2026-09-25T03:24:15.451297+00:00,kernelshap,joblib,LogisticRegression,30,1,1,100,100,2,9.23787449998781,5.517050861128525e-05,198.6138310006269,,True,,"(100, 30, 2)",True,3.3306690738754696e-16,,,,,,,,,,,0,True,1,Titiksha,8,42,0.52.0,3.3.1
09f643cf-884a-4a2b-8d4a-616d07fc3a96,2026-09-25T03:24:24.812341+00:00,kernelshap,joblib,LogisticRegression,30,2,2,100,100,2,10.045068499981426,6.186710166647402e-05,222.72156599930648,,True,,"(100, 30, 2)",True,3.6526940597626095e-16,,,,,,,,,,,0,True,1,Titiksha,8,42,0.52.0,3.3.1
ab840b05-921a-4d5b-b8d2-f4b4b1fd5218,2026-09-25T03:24:34.937700+00:00,kernelshap,joblib,LogisticRegression,30,4,4,100,100,2,9.20353509997949,5.573435722211473e-05,200.643685999613,,True,,"(100, 30, 2)",True,3.3306690738754696e-16,,,,,,,,,,,0,True,1,Titiksha,8,42,0.52.0,3.3.1
aa0a0677-4571-4eb4-8547-75fdb93669cf,2026-09-25T03:24:44.240163+00:00,kernelshap,joblib,LogisticRegression,30,8,8,100,100,2,11.770165900001302,7.15459736116697e-05,257.5655050020109,,True,,"(100, 30, 2)",True,3.350997864609573e-16,,,,,,,,,,,0,True,1,Titiksha,8,42,0.52.0,3.3.1
201101b9-600e-425e-83a3-b8720e234b13,2026-09-25T03:24:56.130942+00:00,kernelshap,ray,LogisticRegression,30,1,1,100,100,2,15.394007900031283,9.360770861119304e-05,336.98775100029496,,True,,"(100, 30, 2)",True,3.3306690738754696e-16,,,,,,,,,,,0,True,1,Titiksha,8,42,0.52.0,3.3.1
84f015b1-1e06-49e7-963d-72435540343b,2026-09-25T03:25:11.685309+00:00,kernelshap,ray,LogisticRegression,30,2,2,100,100,2,12.8860382999992,7.947360916690793e-05,286.10499300086855,,True,,"(100, 30, 2)",True,3.3306690738754696e-16,,,,,,,,,,,0,True,1,Titiksha,8,42,0.52.0,3.3.1
1502dfd7-18bf-4365-967c-71e2c1b2199b,2026-09-25T03:25:24.682150+00:00,kernelshap,ray,LogisticRegression,30,4,4,100,100,2,13.476776600000449,8.159036500046679e-05,293.72531400168043,,True,,"(100, 30, 2)",True,3.3306690738754696e-16,,,,,,,,,,,0,True,1,Titiksha,8,42,0.52.0,3.3.1
3dc2bea7-6cea-47bb-87c4-aaf0ef020ecc,2026-09-25T03:25:38.274511+00:00,kernelshap,ray,LogisticRegression,30,8,8,100,100,2,16.13803299999563,9.842394277823073e-05,354.32619400163065,,True,,"(100, 30, 2)",True,4.440892098500626e-16,,,,,,,,,,,0,True,1,Titiksha,8,42,0.52.0,3.3.1
